sesion_id,equipo,equipo_id,sintoma,antiguedad_anios,temp_ambiente,falla_diagnosticada_id,falla_correcta_id,fue_correcto,probabilidad,nivel_usuario,fecha
1,Refrigerador,1,hielo_puerta_mala,4,28.6,10,10,1,77,normal,2024-05-22 14:00:00
2,Congelador,2,comp_func_temp_mayor_0,5,30.6,3,3,1,96,normal,2024-12-15 17:00:00
3,Refrigerador,1,ruido_burbujeo,8,26.1,1,1,1,73,normal,2024-11-23 18:00:00
4,Cuarto Frio,5,trabaja_sin_parar_filt_no,9,28.4,1,1,1,93,tecnico,2024-04-27 20:00:00
5,Refrigerador,1,gotea,5,28.7,9,6,0,89,normal,2024-09-12 13:00:00
6,Enfriador Comercial,4,comp_func_cond_sucio,4,31.7,8,8,1,92,normal,2024-05-14 18:00:00
7,Cuarto Frio,5,cicla_hielo_no,13,26.7,1,15,0,94,normal,2024-01-25 20:00:00
8,Refrigerador,1,escarcha_poca_burbujeo_si,8,30.7,1,10,0,79,normal,2024-07-16 13:00:00
9,Cuarto Frio,5,cicla_hielo_no,7,36.8,1,8,0,94,tecnico,2024-12-15 15:00:00
10,Congelador,2,consumo_alto,5,27.6,8,8,1,93,normal,2024-01-02 18:00:00
11,Congelador,2,hielo_bordes,10,27.1,10,10,1,74,tecnico,2024-09-16 16:00:00
12,Aire Acondicionado,3,filtros_sucios,5,28.9,13,13,1,97,tecnico,2024-09-28 07:00:00
13,Cuarto Frio,5,cicla_hielo_si,7,31.9,11,14,0,87,normal,2024-05-03 16:00:00
14,Refrigerador,1,escarcha_mucha_ventilador_no,10,31.5,6,17,0,73,tecnico,2024-03-06 17:00:00
15,Enfriador Comercial,4,cristales_resist_no,3,23.6,16,3,0,96,tecnico,2024-07-23 17:00:00
16,Congelador,2,hielo_evaporador,13,28.1,11,11,1,74,normal,2024-02-02 12:00:00
17,Refrigerador,1,ruido_burbujeo,7,28.6,1,1,1,73,normal,2024-02-04 07:00:00
18,Congelador,2,comp_func_temp_0_10,7,28.7,1,1,1,76,normal,2024-10-03 09:00:00
19,Cuarto Frio,5,consumo_alto_cf,6,30.6,8,8,1,86,normal,2024-08-08 12:00:00
20,Enfriador Comercial,4,cristales_resist_si,6,21.9,16,16,1,85,normal,2024-11-26 08:00:00
21,Refrigerador,1,compresor_no_voltaje_no,10,29.6,17,17,1,94,normal,2024-03-12 13:00:00
22,Aire Acondicionado,3,exterior_no_control_no,6,27.2,12,1,0,87,normal,2024-10-08 08:00:00
23,Refrigerador,1,hielo_puerta_mala,20,34.4,10,4,0,77,normal,2024-09-05 14:00:00
24,Aire Acondicionado,3,gotea_nueva,14,20.0,9,9,1,72,normal,2024-07-18 11:00:00
25,Enfriador Comercial,4,comp_no_ec,6,41.7,3,3,1,90,tecnico,2024-03-20 10:00:00
26,Congelador,2,comp_func_temp_mayor_0,16,25.5,3,3,1,96,tecnico,2024-01-30 07:00:00
27,Cuarto Frio,5,cicla_hielo_no,7,30.4,1,8,0,94,tecnico,2024-02-05 16:00:00
28,Refrigerador,1,hielo_puerta_mala,12,27.1,10,10,1,77,tecnico,2024-10-18 10:00:00
29,Cuarto Frio,5,consumo_alto_cf,0,34.1,8,8,1,86,normal,2024-05-13 10:00:00
30,Congelador,2,comp_func_temp_mayor_0,4,31.9,3,3,1,96,normal,2024-08-22 12:00:00
31,Refrigerador,1,escarcha_mucha_ventilador_si,6,42.3,5,5,1,88,normal,2024-05-15 09:00:00
32,Congelador,2,comp_func_temp_0_10,13,28.9,1,1,1,76,normal,2024-10-05 18:00:00
33,Congelador,2,hielo_bordes,18,30.7,10,10,1,74,normal,2024-12-05 08:00:00
34,Aire Acondicionado,3,exterior_no_control_no,2,24.4,12,12,1,87,normal,2024-05-19 11:00:00
35,Cuarto Frio,5,trabaja_sin_parar_filt_no,10,30.6,1,1,1,93,normal,2024-01-27 08:00:00
36,Enfriador Comercial,4,comp_no_ec,0,34.4,3,3,1,90,normal,2024-05-14 09:00:00
37,Enfriador Comercial,4,cristales_resist_no,10,27.2,16,16,1,96,normal,2024-03-17 15:00:00
38,Refrigerador,1,compresor_no_voltaje_si,8,28.3,3,3,1,89,normal,2024-06-06 12:00:00
39,Refrigerador,1,compresor_no_voltaje_si,3,29.0,3,3,1,89,tecnico,2024-07-27 16:00:00
40,Aire Acondicionado,3,exterior_no_control_si,13,30.9,4,3,0,78,tecnico,2024-01-13 09:00:00
41,Congelador,2,hielo_evaporador,11,33.8,11,11,1,74,tecnico,2024-02-25 13:00:00
42,Refrigerador,1,ruido_vibracion,3,23.5,3,11,0,74,normal,2024-04-26 10:00:00
43,Refrigerador,1,hielo_puerta_mala,3,25.2,10,5,0,77,normal,2024-09-17 13:00:00
44,Cuarto Frio,5,cicla_hielo_si,15,36.0,11,11,1,87,tecnico,2024-04-01 16:00:00
45,Congelador,2,comp_func_temp_0_10,2,23.1,1,1,1,76,normal,2024-09-18 08:00:00
46,Enfriador Comercial,4,cristales_resist_no,3,31.6,16,16,1,96,normal,2024-09-23 19:00:00
47,Cuarto Frio,5,alarmas,10,28.7,15,15,1,90,normal,2024-12-06 12:00:00
48,Cuarto Frio,5,cicla_hielo_si,9,23.0,11,11,1,87,tecnico,2024-09-16 11:00:00
49,Enfriador Comercial,4,comp_no_ec,6,28.4,3,3,1,90,tecnico,2024-12-12 18:00:00
50,Aire Acondicionado,3,codigo_error,8,31.0,12,12,1,81,tecnico,2024-06-04 11:00:00
51,Aire Acondicionado,3,gotea_nueva,11,26.2,9,9,1,72,normal,2024-09-18 14:00:00
52,Aire Acondicionado,3,filtros_limpios_presion_normal,4,26.8,3,3,1,88,normal,2024-02-17 20:00:00
53,Aire Acondicionado,3,exterior_no_control_no,3,29.3,12,12,1,87,normal,2025-01-28 08:00:00
54,Enfriador Comercial,4,cristales_resist_si,13,29.8,16,16,1,85,tecnico,2024-07-15 14:00:00
55,Enfriador Comercial,4,comp_func_cond_sucio,2,25.8,8,8,1,92,tecnico,2025-02-02 13:00:00
56,Aire Acondicionado,3,filtros_sucios,11,21.2,13,13,1,97,normal,2024-10-12 10:00:00
57,Refrigerador,1,ruido_vibracion,2,24.2,3,3,1,74,normal,2025-01-21 14:00:00
58,Cuarto Frio,5,alarmas,13,30.1,15,15,1,90,tecnico,2024-08-16 09:00:00
59,Enfriador Comercial,4,cristales_resist_si,4,29.1,16,16,1,85,normal,2024-11-16 10:00:00
60,Congelador,2,hielo_evaporador,1,34.7,11,11,1,74,normal,2024-06-12 15:00:00
61,Refrigerador,1,escarcha_poca_burbujeo_si,2,27.3,1,1,1,79,normal,2024-06-18 15:00:00
62,Enfriador Comercial,4,cristales_resist_si,1,30.5,16,16,1,85,normal,2025-01-29 16:00:00
63,Refrigerador,1,gotea,8,19.5,9,9,1,89,normal,2024-08-02 15:00:00
64,Cuarto Frio,5,consumo_alto_cf,13,30.4,8,8,1,86,normal,2024-09-05 07:00:00
65,Enfriador Comercial,4,comp_no_ec,9,30.9,3,3,1,90,tecnico,2024-11-14 15:00:00
66,Refrigerador,1,compresor_no_voltaje_no,8,22.9,17,17,1,94,normal,2024-08-07 09:00:00
67,Enfriador Comercial,4,comp_func_cond_sucio,1,27.0,8,8,1,92,tecnico,2024-07-13 11:00:00
68,Enfriador Comercial,4,comp_no_ec,12,30.9,3,3,1,90,tecnico,2024-01-27 12:00:00
69,Aire Acondicionado,3,filtros_limpios_presion_normal,11,25.1,3,4,0,88,tecnico,2024-11-14 09:00:00
70,Aire Acondicionado,3,filtros_sucios,6,23.5,13,13,1,97,tecnico,2024-08-26 18:00:00
71,Congelador,2,comp_no,3,23.8,4,4,1,80,tecnico,2024-06-08 08:00:00
72,Cuarto Frio,5,trabaja_sin_parar_filt_si,14,24.9,14,14,1,86,tecnico,2024-07-11 13:00:00
73,Aire Acondicionado,3,filtros_limpios_presion_normal,8,30.4,3,3,1,88,normal,2024-12-16 16:00:00
74,Refrigerador,1,gotea,18,26.4,9,9,1,89,normal,2024-08-07 17:00:00
75,Congelador,2,comp_func_temp_0_10,7,24.8,1,3,0,76,normal,2024-07-04 17:00:00
76,Enfriador Comercial,4,puertas_mal,2,35.5,10,10,1,95,normal,2024-11-29 11:00:00
77,Cuarto Frio,5,consumo_alto_cf,11,21.7,8,8,1,86,normal,2024-05-05 20:00:00
78,Refrigerador,1,compresor_no_clic_si,13,30.6,4,4,1,90,normal,2024-11-08 17:00:00
79,Enfriador Comercial,4,comp_no_ec,0,30.5,3,3,1,90,tecnico,2024-06-23 11:00:00
80,Cuarto Frio,5,alarmas,13,27.0,15,15,1,90,normal,2024-04-07 08:00:00
81,Aire Acondicionado,3,gotea_nueva,7,29.3,9,9,1,72,normal,2024-01-09 08:00:00
82,Congelador,2,comp_func_temp_mayor_0,6,22.9,3,3,1,96,normal,2024-07-07 14:00:00
83,Cuarto Frio,5,consumo_alto_cf,5,34.1,8,8,1,86,normal,2024-06-05 11:00:00
84,Aire Acondicionado,3,filtros_limpios_presion_normal,10,28.9,3,3,1,88,tecnico,2025-01-25 18:00:00
85,Aire Acondicionado,3,exterior_no_control_si,3,22.6,4,13,0,78,normal,2024-02-21 20:00:00
86,Aire Acondicionado,3,exterior_no_control_no,4,29.6,12,12,1,87,normal,2024-09-30 09:00:00
87,Congelador,2,comp_func_temp_0_10,17,23.2,1,1,1,76,tecnico,2024-09-08 08:00:00
88,Refrigerador,1,ruido_burbujeo,4,27.0,1,1,1,73,normal,2024-01-27 11:00:00
89,Enfriador Comercial,4,comp_func_cond_limpio,12,27.7,1,1,1,87,normal,2024-03-17 19:00:00
90,Cuarto Frio,5,cicla_hielo_si,1,29.9,11,11,1,87,normal,2024-08-01 16:00:00
91,Cuarto Frio,5,consumo_alto_cf,3,24.7,8,8,1,86,tecnico,2024-08-07 11:00:00
92,Cuarto Frio,5,consumo_alto_cf,1,28.4,8,1,0,86,tecnico,2024-04-16 17:00:00
93,Aire Acondicionado,3,exterior_no_control_no,9,30.4,12,12,1,87,normal,2024-08-18 18:00:00
94,Cuarto Frio,5,cicla_hielo_no,4,31.1,1,1,1,94,tecnico,2024-12-25 20:00:00
95,Enfriador Comercial,4,comp_func_cond_limpio,9,35.3,1,1,1,87,tecnico,2024-08-05 08:00:00
96,Cuarto Frio,5,trabaja_sin_parar_filt_no,9,25.8,1,1,1,93,tecnico,2024-02-06 07:00:00
97,Aire Acondicionado,3,exterior_no_control_no,8,33.1,12,12,1,87,normal,2024-06-04 18:00:00
98,Enfriador Comercial,4,comp_no_ec,7,20.9,3,3,1,90,normal,2024-01-21 13:00:00
99,Congelador,2,hielo_bordes,4,37.6,10,11,0,74,normal,2024-01-11 19:00:00
100,Congelador,2,hielo_bordes,0,34.6,10,8,0,74,normal,2024-08-14 11:00:00
101,Aire Acondicionado,3,codigo_error,6,33.1,12,12,1,81,normal,2024-06-13 17:00:00
102,Refrigerador,1,escarcha_poca_burbujeo_si,5,19.3,1,1,1,79,normal,2024-07-24 20:00:00
103,Cuarto Frio,5,trabaja_sin_parar_filt_si,6,27.6,14,15,0,86,tecnico,2024-01-01 17:00:00
104,Cuarto Frio,5,cicla_hielo_no,6,32.2,1,1,1,94,normal,2025-01-22 14:00:00
105,Enfriador Comercial,4,comp_func_cond_limpio,3,20.3,1,1,1,87,normal,2024-03-03 07:00:00
106,Cuarto Frio,5,trabaja_sin_parar_filt_no,10,26.2,1,1,1,93,normal,2024-07-27 08:00:00
107,Aire Acondicionado,3,filtros_limpios_presion_normal,6,34.6,3,3,1,88,tecnico,2024-09-17 18:00:00
108,Congelador,2,hielo_evaporador,12,34.1,11,3,0,74,normal,2024-03-15 13:00:00
109,Aire Acondicionado,3,codigo_error,7,34.8,12,12,1,81,tecnico,2024-07-31 12:00:00
110,Cuarto Frio,5,cicla_hielo_si,12,23.5,11,11,1,87,normal,2024-10-27 16:00:00
111,Enfriador Comercial,4,comp_func_cond_sucio,6,25.4,8,8,1,92,normal,2024-06-13 20:00:00
112,Aire Acondicionado,3,exterior_no_control_si,8,29.4,4,4,1,78,tecnico,2024-01-23 12:00:00
113,Enfriador Comercial,4,puertas_mal,14,20.2,10,10,1,95,normal,2024-03-18 14:00:00
114,Refrigerador,1,escarcha_poca_burbujeo_si,7,37.1,1,1,1,79,tecnico,2024-08-13 08:00:00
115,Cuarto Frio,5,cicla_hielo_no,0,34.0,1,1,1,94,tecnico,2024-05-15 12:00:00
116,Cuarto Frio,5,alarmas,6,35.4,15,15,1,90,normal,2024-12-11 20:00:00
117,Cuarto Frio,5,cicla_hielo_no,15,23.2,1,1,1,94,normal,2024-11-12 08:00:00
118,Aire Acondicionado,3,exterior_no_control_no,20,23.0,12,12,1,87,normal,2024-02-20 19:00:00
119,Refrigerador,1,ruido_vibracion,3,28.7,3,3,1,74,normal,2024-07-02 12:00:00
120,Enfriador Comercial,4,comp_func_cond_sucio,4,29.9,8,8,1,92,normal,2024-04-02 09:00:00
121,Aire Acondicionado,3,filtros_limpios_presion_normal,8,24.5,3,3,1,88,normal,2024-04-28 14:00:00
122,Congelador,2,hielo_evaporador,4,33.1,11,11,1,74,tecnico,2024-05-27 17:00:00
123,Cuarto Frio,5,trabaja_sin_parar_filt_no,1,40.2,1,1,1,93,tecnico,2024-12-19 11:00:00
124,Enfriador Comercial,4,comp_no_ec,3,25.0,3,3,1,90,normal,2024-05-01 13:00:00
125,Cuarto Frio,5,cicla_hielo_si,8,32.3,11,15,0,87,normal,2024-10-16 20:00:00
126,Refrigerador,1,ruido_burbujeo,10,28.8,1,6,0,73,tecnico,2024-04-27 16:00:00
127,Congelador,2,comp_func_temp_mayor_0,9,24.6,3,3,1,96,normal,2024-03-11 17:00:00
128,Refrigerador,1,hielo_puerta_mala,9,24.9,10,10,1,77,normal,2024-10-23 12:00:00
129,Aire Acondicionado,3,filtros_limpios_presion_normal,14,27.1,3,3,1,88,tecnico,2024-07-06 15:00:00
130,Cuarto Frio,5,cicla_hielo_si,12,32.7,11,11,1,87,tecnico,2024-09-03 19:00:00
131,Congelador,2,consumo_alto,13,30.5,8,8,1,93,tecnico,2024-04-25 20:00:00
132,Enfriador Comercial,4,cristales_resist_no,5,24.8,16,16,1,96,normal,2024-10-01 08:00:00
133,Enfriador Comercial,4,comp_no_ec,9,26.5,3,3,1,90,tecnico,2024-02-25 17:00:00
134,Aire Acondicionado,3,ruido_interior,0,24.3,18,18,1,92,normal,2024-11-08 10:00:00
135,Refrigerador,1,hielo_puerta_mala,12,31.9,10,10,1,77,normal,2024-01-20 11:00:00
136,Enfriador Comercial,4,comp_func_cond_limpio,1,27.2,1,8,0,87,normal,2024-07-08 17:00:00
137,Cuarto Frio,5,cicla_hielo_no,8,27.8,1,1,1,94,tecnico,2024-11-11 13:00:00
138,Congelador,2,comp_func_temp_0_10,9,20.8,1,1,1,76,normal,2024-04-30 20:00:00
139,Congelador,2,comp_func_temp_0_10,18,23.2,1,1,1,76,normal,2024-05-21 10:00:00
140,Refrigerador,1,ruido_vibracion,1,35.4,3,3,1,74,normal,2024-01-11 07:00:00
141,Congelador,2,comp_func_temp_mayor_0,19,29.6,3,3,1,96,normal,2024-04-29 12:00:00
142,Aire Acondicionado,3,codigo_error,0,26.4,12,3,0,81,tecnico,2024-10-03 11:00:00
143,Aire Acondicionado,3,filtros_limpios_presion_normal,9,29.7,3,3,1,88,normal,2024-06-14 07:00:00
144,Aire Acondicionado,3,exterior_no_control_no,1,29.1,12,12,1,87,normal,2025-01-16 08:00:00
145,Enfriador Comercial,4,cristales_resist_si,11,27.1,16,16,1,85,tecnico,2024-01-23 18:00:00
146,Cuarto Frio,5,cicla_hielo_si,6,28.8,11,1,0,87,tecnico,2024-07-24 13:00:00
147,Refrigerador,1,ruido_vibracion,10,21.0,3,3,1,74,normal,2024-03-05 11:00:00
148,Cuarto Frio,5,alarmas,8,32.0,15,15,1,90,normal,2024-11-01 15:00:00
149,Congelador,2,hielo_evaporador,7,22.6,11,11,1,74,normal,2025-01-28 15:00:00
150,Aire Acondicionado,3,gotea_nueva,6,32.0,9,9,1,72,normal,2024-08-20 13:00:00
151,Enfriador Comercial,4,puertas_mal,1,23.7,10,10,1,95,normal,2024-08-30 08:00:00
152,Refrigerador,1,escarcha_mucha_ventilador_no,1,31.6,6,6,1,73,tecnico,2024-03-07 15:00:00
153,Refrigerador,1,ruido_burbujeo,16,23.5,1,1,1,73,tecnico,2025-01-19 13:00:00
154,Refrigerador,1,compresor_no_clic_si,8,26.7,4,4,1,90,normal,2024-04-18 09:00:00
155,Enfriador Comercial,4,comp_func_cond_sucio,12,26.0,8,8,1,92,normal,2024-04-25 19:00:00
156,Enfriador Comercial,4,cristales_resist_no,17,33.1,16,16,1,96,normal,2024-11-25 15:00:00
157,Refrigerador,1,ruido_burbujeo,14,30.5,1,1,1,73,tecnico,2024-06-07 12:00:00
158,Congelador,2,comp_func_temp_0_10,3,26.2,1,1,1,76,normal,2024-02-05 09:00:00
159,Refrigerador,1,escarcha_mucha_ventilador_no,10,29.9,6,6,1,73,normal,2025-01-04 12:00:00
160,Cuarto Frio,5,consumo_alto_cf,1,33.1,8,8,1,86,normal,2024-11-12 07:00:00
161,Refrigerador,1,compresor_no_clic_si,6,24.1,4,4,1,90,normal,2024-09-19 08:00:00
162,Congelador,2,hielo_evaporador,2,31.5,11,11,1,74,normal,2024-09-26 17:00:00
163,Congelador,2,comp_func_temp_0_10,3,30.3,1,1,1,76,tecnico,2025-01-27 09:00:00
164,Congelador,2,comp_no,5,28.9,4,4,1,80,tecnico,2024-03-30 09:00:00
165,Enfriador Comercial,4,cristales_resist_no,9,21.4,16,16,1,96,normal,2025-01-14 07:00:00
166,Enfriador Comercial,4,comp_func_cond_limpio,6,29.0,1,1,1,87,normal,2024-08-07 16:00:00
167,Enfriador Comercial,4,puertas_mal,9,28.0,10,3,0,95,tecnico,2024-11-12 14:00:00
168,Congelador,2,comp_func_temp_0_10,6,33.0,1,8,0,76,normal,2024-07-24 15:00:00
169,Refrigerador,1,compresor_no_voltaje_no,13,28.9,17,17,1,94,normal,2024-11-20 08:00:00
170,Cuarto Frio,5,consumo_alto_cf,3,26.2,8,8,1,86,normal,2024-11-26 20:00:00
171,Aire Acondicionado,3,exterior_no_control_si,2,28.9,4,4,1,78,tecnico,2024-02-08 09:00:00
172,Enfriador Comercial,4,cristales_resist_si,10,31.5,16,16,1,85,normal,2024-10-16 17:00:00
173,Cuarto Frio,5,cicla_hielo_si,13,27.4,11,11,1,87,normal,2024-06-04 19:00:00
174,Congelador,2,hielo_bordes,1,27.4,10,10,1,74,normal,2024-08-19 07:00:00
175,Refrigerador,1,compresor_no_voltaje_si,12,36.1,3,3,1,89,normal,2024-09-16 13:00:00
176,Enfriador Comercial,4,cristales_resist_no,7,32.7,16,16,1,96,tecnico,2024-08-18 19:00:00
177,Cuarto Frio,5,alarmas,3,25.3,15,14,0,90,normal,2024-06-24 18:00:00
178,Refrigerador,1,ruido_zumbido,9,26.1,18,18,1,83,tecnico,2024-08-12 15:00:00
179,Cuarto Frio,5,consumo_alto_cf,2,26.7,8,8,1,86,normal,2024-11-02 07:00:00
180,Congelador,2,comp_func_temp_0_10,5,31.3,1,1,1,76,normal,2024-05-09 18:00:00
181,Cuarto Frio,5,trabaja_sin_parar_filt_no,5,27.1,1,1,1,93,tecnico,2024-12-23 17:00:00
182,Enfriador Comercial,4,comp_func_cond_sucio,8,27.9,8,10,0,92,normal,2024-11-25 19:00:00
183,Congelador,2,comp_func_temp_mayor_0,9,32.1,3,3,1,96,normal,2024-11-26 17:00:00
184,Enfriador Comercial,4,cristales_resist_no,5,23.2,16,16,1,96,normal,2024-04-19 12:00:00
185,Enfriador Comercial,4,comp_func_cond_sucio,3,30.0,8,8,1,92,normal,2025-01-29 15:00:00
186,Cuarto Frio,5,trabaja_sin_parar_filt_si,9,30.2,14,8,0,86,normal,2024-03-19 09:00:00
187,Aire Acondicionado,3,codigo_error,11,31.2,12,12,1,81,normal,2024-05-01 14:00:00
188,Cuarto Frio,5,cicla_hielo_si,10,32.7,11,11,1,87,normal,2024-05-02 11:00:00
189,Enfriador Comercial,4,comp_func_cond_sucio,5,39.9,8,8,1,92,normal,2024-07-14 15:00:00
190,Cuarto Frio,5,cicla_hielo_no,16,25.2,1,1,1,94,tecnico,2024-03-11 20:00:00
191,Congelador,2,comp_func_temp_0_10,9,32.6,1,1,1,76,tecnico,2024-03-04 11:00:00
192,Refrigerador,1,gotea,3,25.4,9,9,1,89,normal,2024-08-11 08:00:00
193,Aire Acondicionado,3,ruido_interior,13,32.8,18,18,1,92,normal,2024-07-16 08:00:00
194,Congelador,2,comp_func_temp_mayor_0,0,27.2,3,3,1,96,tecnico,2024-11-28 12:00:00
195,Aire Acondicionado,3,filtros_sucios,0,32.9,13,13,1,97,tecnico,2024-08-28 14:00:00
196,Cuarto Frio,5,trabaja_sin_parar_filt_si,14,26.8,14,14,1,86,normal,2024-03-17 15:00:00
197,Cuarto Frio,5,consumo_alto_cf,6,29.5,8,8,1,86,normal,2024-11-23 19:00:00
198,Cuarto Frio,5,cicla_hielo_no,1,26.1,1,1,1,94,normal,2024-10-01 07:00:00
199,Cuarto Frio,5,consumo_alto_cf,4,31.6,8,8,1,86,normal,2024-08-01 09:00:00
200,Refrigerador,1,ruido_zumbido,17,32.3,18,18,1,83,normal,2024-09-16 19:00:00
201,Cuarto Frio,5,consumo_alto_cf,0,29.8,8,8,1,86,normal,2025-01-17 07:00:00
202,Congelador,2,comp_func_temp_0_10,5,28.1,1,1,1,76,normal,2025-01-30 16:00:00
203,Congelador,2,comp_func_temp_mayor_0,0,22.0,3,3,1,96,tecnico,2024-08-25 18:00:00
204,Enfriador Comercial,4,puertas_mal,3,26.9,10,10,1,95,tecnico,2024-08-22 07:00:00
205,Congelador,2,comp_func_temp_mayor_0,0,29.4,3,3,1,96,normal,2024-10-05 14:00:00
206,Congelador,2,comp_func_temp_0_10,10,30.1,1,1,1,76,normal,2025-02-03 07:00:00
207,Congelador,2,comp_no,2,23.3,4,4,1,80,tecnico,2024-07-16 12:00:00
208,Aire Acondicionado,3,ruido_interior,9,35.2,18,18,1,92,tecnico,2024-05-16 19:00:00
209,Refrigerador,1,hielo_puerta_bien,6,17.2,11,11,1,85,normal,2024-02-22 08:00:00
210,Congelador,2,consumo_alto,4,34.5,8,8,1,93,tecnico,2024-03-26 18:00:00
211,Enfriador Comercial,4,comp_no_ec,6,27.7,3,3,1,90,normal,2024-11-23 19:00:00
212,Refrigerador,1,escarcha_mucha_ventilador_no,9,20.3,6,6,1,73,normal,2025-01-18 17:00:00
213,Aire Acondicionado,3,filtros_limpios_presion_baja,2,23.6,1,1,1,77,normal,2025-02-02 17:00:00
214,Congelador,2,comp_no,5,24.6,4,4,1,80,normal,2024-12-13 14:00:00
215,Congelador,2,comp_no,6,30.9,4,4,1,80,normal,2024-05-22 10:00:00
216,Refrigerador,1,escarcha_mucha_ventilador_si,10,30.0,5,5,1,88,normal,2024-10-14 08:00:00
217,Congelador,2,comp_no,9,30.2,4,4,1,80,tecnico,2024-04-12 08:00:00
218,Aire Acondicionado,3,filtros_limpios_presion_normal,6,34.4,3,12,0,88,tecnico,2024-12-15 20:00:00
219,Congelador,2,consumo_alto,5,33.6,8,8,1,93,tecnico,2024-12-30 18:00:00
220,Aire Acondicionado,3,gotea_antigua,7,31.0,9,9,1,94,normal,2024-03-12 10:00:00
221,Enfriador Comercial,4,comp_func_cond_limpio,5,25.0,1,8,0,87,normal,2024-02-14 08:00:00
222,Congelador,2,hielo_evaporador,20,27.0,11,11,1,74,normal,2025-01-28 13:00:00
223,Cuarto Frio,5,trabaja_sin_parar_filt_si,2,28.4,14,14,1,86,normal,2024-03-06 20:00:00
224,Cuarto Frio,5,alarmas,8,30.4,15,15,1,90,normal,2024-09-14 20:00:00
225,Refrigerador,1,escarcha_mucha_ventilador_no,7,28.2,6,4,0,73,normal,2024-09-22 11:00:00
226,Refrigerador,1,compresor_no_clic_si,3,31.2,4,6,0,90,normal,2024-06-04 16:00:00
227,Cuarto Frio,5,trabaja_sin_parar_filt_si,7,33.7,14,14,1,86,normal,2025-01-03 16:00:00
228,Congelador,2,hielo_bordes,0,37.3,10,1,0,74,normal,2024-11-24 19:00:00
229,Cuarto Frio,5,cicla_hielo_si,9,29.4,11,11,1,87,normal,2024-11-17 15:00:00
230,Congelador,2,consumo_alto,16,24.9,8,8,1,93,tecnico,2024-12-16 13:00:00
231,Congelador,2,hielo_evaporador,1,33.0,11,11,1,74,normal,2024-11-06 09:00:00
232,Congelador,2,consumo_alto,5,30.6,8,4,0,93,tecnico,2024-03-07 19:00:00
233,Congelador,2,hielo_bordes,8,27.1,10,10,1,74,normal,2024-02-19 07:00:00
234,Congelador,2,hielo_evaporador,13,33.1,11,11,1,74,tecnico,2024-03-22 20:00:00
235,Congelador,2,hielo_bordes,10,29.9,10,8,0,74,normal,2024-06-06 14:00:00
236,Refrigerador,1,escarcha_mucha_ventilador_no,15,31.2,6,6,1,73,tecnico,2024-04-20 16:00:00
237,Congelador,2,comp_func_temp_0_10,1,20.7,1,1,1,76,normal,2024-10-01 07:00:00
238,Refrigerador,1,compresor_no_voltaje_no,2,29.3,17,17,1,94,normal,2024-07-25 12:00:00
239,Refrigerador,1,compresor_no_voltaje_no,1,25.5,17,17,1,94,normal,2024-08-18 19:00:00
240,Cuarto Frio,5,cicla_hielo_si,12,27.6,11,11,1,87,normal,2024-03-06 08:00:00
241,Enfriador Comercial,4,comp_no_ec,11,24.0,3,3,1,90,normal,2024-09-17 13:00:00
242,Cuarto Frio,5,trabaja_sin_parar_filt_si,0,37.0,14,14,1,86,normal,2024-08-30 15:00:00
243,Enfriador Comercial,4,comp_func_cond_sucio,8,25.5,8,8,1,92,normal,2024-11-11 18:00:00
244,Congelador,2,hielo_bordes,5,28.7,10,11,0,74,normal,2024-10-15 11:00:00
245,Enfriador Comercial,4,comp_func_cond_limpio,5,23.8,1,1,1,87,tecnico,2025-01-06 20:00:00
246,Refrigerador,1,ruido_burbujeo,6,19.1,1,18,0,73,normal,2025-01-04 07:00:00
247,Cuarto Frio,5,cicla_hielo_no,3,25.2,1,1,1,94,normal,2024-12-14 10:00:00
248,Refrigerador,1,ruido_burbujeo,15,25.0,1,1,1,73,normal,2024-06-09 13:00:00
249,Aire Acondicionado,3,gotea_nueva,9,23.2,9,18,0,72,tecnico,2024-12-27 09:00:00
250,Cuarto Frio,5,trabaja_sin_parar_filt_no,8,32.7,1,15,0,93,normal,2024-06-09 09:00:00
251,Enfriador Comercial,4,cristales_resist_no,5,24.8,16,16,1,96,normal,2024-12-20 11:00:00
252,Cuarto Frio,5,cicla_hielo_no,3,34.5,1,8,0,94,normal,2024-04-25 11:00:00
253,Congelador,2,consumo_alto,3,28.0,8,8,1,93,tecnico,2025-01-04 11:00:00
254,Congelador,2,comp_func_temp_0_10,8,25.6,1,1,1,76,tecnico,2024-07-21 20:00:00
255,Congelador,2,comp_func_temp_mayor_0,4,27.5,3,3,1,96,normal,2024-05-11 18:00:00
256,Enfriador Comercial,4,comp_func_cond_sucio,3,35.2,8,8,1,92,tecnico,2024-12-22 11:00:00
257,Aire Acondicionado,3,filtros_limpios_presion_normal,8,26.5,3,3,1,88,normal,2024-11-22 10:00:00
258,Refrigerador,1,escarcha_mucha_ventilador_no,6,27.5,6,6,1,73,normal,2025-01-29 09:00:00
259,Refrigerador,1,ruido_zumbido,18,32.2,18,18,1,83,normal,2025-01-22 11:00:00
260,Congelador,2,comp_no,9,33.9,4,1,0,80,normal,2024-04-28 15:00:00
261,Refrigerador,1,escarcha_poca_burbujeo_si,6,33.9,1,1,1,79,tecnico,2024-09-10 09:00:00
262,Congelador,2,comp_func_temp_0_10,0,21.1,1,1,1,76,normal,2024-06-20 11:00:00
263,Enfriador Comercial,4,puertas_mal,7,19.6,10,10,1,95,normal,2024-04-08 19:00:00
264,Refrigerador,1,compresor_no_voltaje_si,3,29.4,3,3,1,89,normal,2024-04-05 07:00:00
265,Congelador,2,comp_no,8,29.1,4,10,0,80,tecnico,2024-09-20 12:00:00
266,Refrigerador,1,compresor_no_voltaje_no,9,26.5,17,17,1,94,normal,2024-06-14 10:00:00
267,Refrigerador,1,compresor_no_clic_si,5,26.0,4,4,1,90,normal,2024-10-20 07:00:00
268,Congelador,2,consumo_alto,5,30.0,8,8,1,93,normal,2024-08-26 11:00:00
269,Aire Acondicionado,3,gotea_nueva,9,36.4,9,18,0,72,normal,2024-05-31 12:00:00
270,Cuarto Frio,5,trabaja_sin_parar_filt_no,3,25.1,1,1,1,93,normal,2025-01-17 16:00:00
271,Congelador,2,hielo_evaporador,9,34.7,11,3,0,74,tecnico,2024-12-14 19:00:00
272,Cuarto Frio,5,trabaja_sin_parar_filt_si,7,25.5,14,14,1,86,normal,2024-10-15 08:00:00
273,Refrigerador,1,ruido_zumbido,14,30.5,18,18,1,83,tecnico,2024-08-14 08:00:00
274,Aire Acondicionado,3,codigo_error,7,33.7,12,9,0,81,tecnico,2024-08-20 09:00:00
275,Cuarto Frio,5,cicla_hielo_no,6,33.2,1,1,1,94,normal,2024-01-02 18:00:00
276,Aire Acondicionado,3,codigo_error,1,30.6,12,12,1,81,tecnico,2024-10-04 07:00:00
277,Refrigerador,1,ruido_vibracion,0,23.2,3,10,0,74,normal,2024-07-14 14:00:00
278,Enfriador Comercial,4,cristales_resist_si,1,32.7,16,3,0,85,normal,2024-06-27 08:00:00
279,Aire Acondicionado,3,ruido_exterior,6,36.7,3,3,1,89,tecnico,2024-06-01 14:00:00
280,Cuarto Frio,5,cicla_hielo_no,7,37.0,1,1,1,94,normal,2024-05-21 10:00:00
281,Refrigerador,1,escarcha_mucha_ventilador_si,11,23.0,5,1,0,88,normal,2024-02-04 08:00:00
282,Cuarto Frio,5,trabaja_sin_parar_filt_si,6,32.3,14,14,1,86,tecnico,2024-05-05 18:00:00
283,Refrigerador,1,compresor_no_voltaje_no,6,22.5,17,17,1,94,normal,2024-05-28 10:00:00
284,Cuarto Frio,5,cicla_hielo_si,8,27.3,11,11,1,87,tecnico,2024-05-01 11:00:00
285,Aire Acondicionado,3,ruido_exterior,3,28.6,3,18,0,89,tecnico,2024-11-16 17:00:00
286,Enfriador Comercial,4,cristales_resist_no,7,30.3,16,10,0,96,tecnico,2024-06-12 18:00:00
287,Enfriador Comercial,4,cristales_resist_si,2,24.2,16,16,1,85,tecnico,2024-06-02 20:00:00
288,Aire Acondicionado,3,ruido_interior,14,33.7,18,18,1,92,tecnico,2024-10-12 15:00:00
289,Aire Acondicionado,3,gotea_nueva,4,30.7,9,4,0,72,normal,2025-01-05 20:00:00
290,Aire Acondicionado,3,filtros_limpios_presion_baja,4,34.5,1,1,1,77,tecnico,2024-04-06 19:00:00
291,Cuarto Frio,5,alarmas,9,29.6,15,11,0,90,tecnico,2024-01-08 10:00:00
292,Aire Acondicionado,3,filtros_limpios_presion_normal,10,31.7,3,3,1,88,tecnico,2024-12-22 16:00:00
293,Aire Acondicionado,3,gotea_nueva,14,22.5,9,9,1,72,normal,2024-07-02 11:00:00
294,Congelador,2,comp_no,7,26.8,4,4,1,80,normal,2025-01-04 14:00:00
295,Congelador,2,comp_func_temp_mayor_0,5,24.6,3,3,1,96,normal,2024-05-13 15:00:00
296,Cuarto Frio,5,consumo_alto_cf,10,31.6,8,8,1,86,normal,2024-04-27 13:00:00
297,Cuarto Frio,5,trabaja_sin_parar_filt_no,7,25.6,1,1,1,93,tecnico,2025-01-05 17:00:00
298,Enfriador Comercial,4,cristales_resist_si,3,24.0,16,16,1,85,normal,2025-01-03 15:00:00
299,Enfriador Comercial,4,comp_func_cond_sucio,14,23.5,8,8,1,92,normal,2024-02-08 20:00:00
300,Refrigerador,1,gotea,0,27.5,9,9,1,89,normal,2024-02-04 18:00:00
301,Aire Acondicionado,3,filtros_limpios_presion_baja,3,27.6,1,1,1,77,tecnico,2024-09-04 17:00:00
302,Enfriador Comercial,4,comp_func_cond_limpio,0,29.4,1,1,1,87,normal,2024-09-28 18:00:00
303,Congelador,2,hielo_bordes,18,36.3,10,10,1,74,tecnico,2024-04-01 08:00:00
304,Refrigerador,1,ruido_zumbido,2,29.8,18,18,1,83,normal,2024-06-30 11:00:00
305,Enfriador Comercial,4,comp_func_cond_limpio,5,24.7,1,8,0,87,normal,2024-02-11 17:00:00
306,Refrigerador,1,escarcha_mucha_ventilador_no,6,31.9,6,6,1,73,normal,2024-11-22 07:00:00
307,Aire Acondicionado,3,filtros_limpios_presion_normal,7,22.6,3,3,1,88,tecnico,2024-02-18 15:00:00
308,Refrigerador,1,escarcha_poca_burbujeo_no,3,31.8,2,18,0,78,normal,2024-01-24 08:00:00
309,Congelador,2,hielo_bordes,8,38.0,10,10,1,74,tecnico,2024-10-27 09:00:00
310,Enfriador Comercial,4,comp_func_cond_limpio,4,30.9,1,1,1,87,normal,2024-07-18 17:00:00
311,Cuarto Frio,5,cicla_hielo_si,5,28.5,11,11,1,87,normal,2025-01-16 12:00:00
312,Refrigerador,1,escarcha_mucha_ventilador_no,6,21.9,6,9,0,73,normal,2024-11-10 16:00:00
313,Enfriador Comercial,4,comp_no_ec,0,27.2,3,3,1,90,normal,2024-07-11 13:00:00
314,Aire Acondicionado,3,codigo_error,9,41.4,12,12,1,81,normal,2024-05-06 18:00:00
315,Refrigerador,1,escarcha_mucha_ventilador_no,4,23.9,6,6,1,73,normal,2024-07-03 08:00:00
316,Refrigerador,1,escarcha_mucha_ventilador_si,15,33.8,5,5,1,88,tecnico,2024-02-22 09:00:00
317,Refrigerador,1,escarcha_poca_burbujeo_si,6,24.5,1,1,1,79,normal,2024-10-10 08:00:00
318,Cuarto Frio,5,consumo_alto_cf,11,27.3,8,1,0,86,normal,2024-07-17 19:00:00
319,Refrigerador,1,hielo_puerta_bien,13,38.2,11,11,1,85,normal,2024-07-13 09:00:00
320,Aire Acondicionado,3,exterior_no_control_no,4,22.8,12,12,1,87,normal,2024-08-10 11:00:00
321,Enfriador Comercial,4,comp_no_ec,7,31.7,3,3,1,90,normal,2024-10-31 16:00:00
322,Aire Acondicionado,3,ruido_interior,2,30.4,18,18,1,92,tecnico,2024-06-19 20:00:00
323,Cuarto Frio,5,cicla_hielo_no,11,27.3,1,1,1,94,tecnico,2024-10-31 09:00:00
324,Congelador,2,comp_no,8,32.2,4,4,1,80,normal,2024-03-31 13:00:00
325,Congelador,2,comp_no,10,22.0,4,4,1,80,normal,2024-05-23 20:00:00
326,Enfriador Comercial,4,comp_no_ec,2,21.2,3,3,1,90,normal,2024-10-06 09:00:00
327,Cuarto Frio,5,trabaja_sin_parar_filt_si,15,22.9,14,14,1,86,normal,2024-12-20 08:00:00
328,Enfriador Comercial,4,puertas_mal,7,30.5,10,10,1,95,normal,2024-12-03 09:00:00
329,Enfriador Comercial,4,cristales_resist_si,1,33.6,16,16,1,85,normal,2024-12-20 13:00:00
330,Cuarto Frio,5,trabaja_sin_parar_filt_si,11,28.7,14,14,1,86,tecnico,2024-10-01 16:00:00
331,Refrigerador,1,escarcha_mucha_ventilador_no,11,26.9,6,6,1,73,normal,2024-11-26 17:00:00
332,Enfriador Comercial,4,comp_no_ec,16,25.9,3,3,1,90,normal,2024-05-12 10:00:00
333,Cuarto Frio,5,alarmas,7,24.4,15,15,1,90,normal,2025-01-30 17:00:00
334,Cuarto Frio,5,alarmas,7,26.5,15,15,1,90,normal,2024-02-23 11:00:00
335,Enfriador Comercial,4,comp_func_cond_limpio,2,31.1,1,1,1,87,normal,2024-04-15 15:00:00
336,Enfriador Comercial,4,comp_no_ec,6,28.2,3,3,1,90,normal,2024-06-12 08:00:00
337,Congelador,2,comp_func_temp_0_10,11,34.8,1,1,1,76,normal,2025-01-14 10:00:00
338,Cuarto Frio,5,trabaja_sin_parar_filt_no,7,34.1,1,1,1,93,normal,2024-08-24 10:00:00
339,Enfriador Comercial,4,puertas_mal,3,26.3,10,10,1,95,normal,2024-04-11 14:00:00
340,Cuarto Frio,5,cicla_hielo_no,6,25.7,1,1,1,94,normal,2025-01-20 18:00:00
341,Refrigerador,1,ruido_burbujeo,2,30.8,1,1,1,73,normal,2024-05-14 17:00:00
342,Enfriador Comercial,4,cristales_resist_no,16,27.1,16,16,1,96,normal,2024-07-19 16:00:00
343,Refrigerador,1,compresor_no_voltaje_si,5,26.6,3,3,1,89,tecnico,2024-11-10 16:00:00
344,Refrigerador,1,hielo_puerta_mala,2,29.6,10,10,1,77,normal,2024-04-03 12:00:00
345,Aire Acondicionado,3,ruido_exterior,6,24.7,3,3,1,89,normal,2024-10-02 18:00:00
346,Aire Acondicionado,3,ruido_exterior,3,26.0,3,3,1,89,normal,2024-08-18 16:00:00
347,Refrigerador,1,compresor_no_voltaje_si,15,26.4,3,3,1,89,normal,2024-11-30 14:00:00
348,Enfriador Comercial,4,puertas_mal,7,29.3,10,10,1,95,normal,2024-03-26 08:00:00
349,Cuarto Frio,5,trabaja_sin_parar_filt_si,11,29.2,14,14,1,86,normal,2025-02-03 14:00:00
350,Cuarto Frio,5,alarmas,11,30.0,15,15,1,90,normal,2024-10-20 08:00:00
351,Congelador,2,hielo_bordes,12,24.0,10,10,1,74,tecnico,2024-10-06 10:00:00
352,Enfriador Comercial,4,comp_func_cond_limpio,10,34.5,1,1,1,87,tecnico,2024-01-17 14:00:00
353,Congelador,2,comp_no,12,35.8,4,4,1,80,tecnico,2024-04-17 19:00:00
354,Cuarto Frio,5,alarmas,5,33.2,15,15,1,90,normal,2024-03-25 16:00:00
355,Aire Acondicionado,3,exterior_no_control_si,11,30.8,4,4,1,78,normal,2024-03-27 12:00:00
356,Congelador,2,comp_no,8,24.1,4,11,0,80,tecnico,2024-12-13 20:00:00
357,Refrigerador,1,escarcha_poca_burbujeo_si,16,31.0,1,4,0,79,tecnico,2024-03-08 10:00:00
358,Aire Acondicionado,3,gotea_antigua,12,20.3,9,9,1,94,normal,2024-09-07 09:00:00
359,Cuarto Frio,5,alarmas,4,25.2,15,15,1,90,tecnico,2024-02-17 13:00:00
360,Cuarto Frio,5,alarmas,4,31.3,15,11,0,90,normal,2024-09-06 12:00:00
361,Cuarto Frio,5,trabaja_sin_parar_filt_si,13,30.0,14,11,0,86,tecnico,2024-09-30 13:00:00
362,Aire Acondicionado,3,gotea_nueva,12,27.6,9,9,1,72,normal,2024-05-25 12:00:00
363,Cuarto Frio,5,consumo_alto_cf,2,33.2,8,1,0,86,normal,2024-11-16 19:00:00
364,Enfriador Comercial,4,comp_func_cond_limpio,2,23.4,1,1,1,87,normal,2024-01-01 13:00:00
365,Aire Acondicionado,3,filtros_sucios,13,26.4,13,13,1,97,normal,2024-07-03 11:00:00
366,Refrigerador,1,compresor_no_voltaje_si,9,36.7,3,3,1,89,normal,2024-11-16 11:00:00
367,Aire Acondicionado,3,gotea_nueva,9,28.9,9,9,1,72,normal,2024-04-25 15:00:00
368,Enfriador Comercial,4,comp_func_cond_limpio,0,28.8,1,1,1,87,normal,2024-08-04 18:00:00
369,Aire Acondicionado,3,ruido_interior,1,24.2,18,18,1,92,normal,2024-06-02 09:00:00
370,Enfriador Comercial,4,comp_func_cond_sucio,9,33.3,8,8,1,92,normal,2024-10-15 07:00:00
371,Cuarto Frio,5,alarmas,3,27.4,15,15,1,90,tecnico,2024-11-11 17:00:00
372,Enfriador Comercial,4,comp_func_cond_sucio,1,31.2,8,8,1,92,tecnico,2024-10-28 18:00:00
373,Enfriador Comercial,4,comp_no_ec,16,28.1,3,3,1,90,normal,2024-10-10 16:00:00
374,Cuarto Frio,5,alarmas,8,31.0,15,15,1,90,normal,2024-12-03 11:00:00
375,Aire Acondicionado,3,ruido_exterior,8,30.5,3,3,1,89,tecnico,2024-05-02 14:00:00
376,Enfriador Comercial,4,comp_func_cond_limpio,4,32.7,1,1,1,87,normal,2024-01-07 12:00:00
377,Congelador,2,comp_func_temp_mayor_0,6,31.2,3,3,1,96,normal,2024-08-29 19:00:00
378,Refrigerador,1,escarcha_mucha_ventilador_si,8,25.5,5,5,1,88,normal,2024-01-31 19:00:00
379,Enfriador Comercial,4,cristales_resist_no,4,27.4,16,16,1,96,normal,2024-11-23 15:00:00
380,Cuarto Frio,5,consumo_alto_cf,2,22.4,8,8,1,86,normal,2024-04-14 19:00:00
381,Aire Acondicionado,3,ruido_exterior,5,23.2,3,3,1,89,normal,2024-06-07 18:00:00
382,Enfriador Comercial,4,puertas_mal,15,25.5,10,10,1,95,normal,2024-08-10 08:00:00
383,Enfriador Comercial,4,cristales_resist_no,8,26.6,16,16,1,96,normal,2024-12-28 09:00:00
384,Refrigerador,1,escarcha_poca_burbujeo_si,7,35.1,1,1,1,79,normal,2025-01-04 11:00:00
385,Aire Acondicionado,3,gotea_antigua,2,29.6,9,9,1,94,tecnico,2024-01-16 12:00:00
386,Enfriador Comercial,4,comp_no_ec,7,25.9,3,3,1,90,tecnico,2024-11-17 08:00:00
387,Enfriador Comercial,4,cristales_resist_si,7,36.4,16,16,1,85,normal,2025-01-30 08:00:00
388,Cuarto Frio,5,alarmas,10,31.7,15,15,1,90,normal,2024-01-23 20:00:00
389,Refrigerador,1,escarcha_poca_burbujeo_no,1,23.1,2,2,1,78,tecnico,2024-01-19 15:00:00
390,Enfriador Comercial,4,comp_func_cond_sucio,5,35.8,8,8,1,92,tecnico,2024-05-18 20:00:00
391,Refrigerador,1,ruido_burbujeo,5,20.4,1,1,1,73,tecnico,2024-01-24 13:00:00
392,Refrigerador,1,ruido_vibracion,13,28.9,3,3,1,74,normal,2024-08-21 07:00:00
393,Congelador,2,comp_func_temp_mayor_0,4,30.4,3,3,1,96,normal,2024-09-09 19:00:00
394,Aire Acondicionado,3,ruido_exterior,10,22.6,3,3,1,89,normal,2024-07-28 07:00:00
395,Aire Acondicionado,3,ruido_exterior,5,33.4,3,1,0,89,tecnico,2024-07-11 20:00:00
396,Congelador,2,comp_func_temp_0_10,3,22.1,1,10,0,76,normal,2024-01-31 09:00:00
397,Congelador,2,comp_func_temp_0_10,0,29.9,1,1,1,76,tecnico,2024-08-22 18:00:00
398,Refrigerador,1,ruido_burbujeo,1,36.7,1,1,1,73,tecnico,2024-02-08 16:00:00
399,Cuarto Frio,5,trabaja_sin_parar_filt_si,6,31.9,14,14,1,86,normal,2024-07-20 18:00:00
400,Congelador,2,comp_no,6,28.3,4,4,1,80,tecnico,2024-03-10 19:00:00
401,Cuarto Frio,5,trabaja_sin_parar_filt_si,2,31.3,14,14,1,86,normal,2025-01-29 10:00:00
402,Enfriador Comercial,4,comp_no_ec,6,32.8,3,3,1,90,normal,2024-12-17 11:00:00
403,Cuarto Frio,5,trabaja_sin_parar_filt_si,3,30.4,14,14,1,86,tecnico,2024-07-21 15:00:00
404,Refrigerador,1,hielo_puerta_mala,4,27.2,10,3,0,77,normal,2024-07-26 20:00:00
405,Enfriador Comercial,4,cristales_resist_no,10,29.0,16,16,1,96,normal,2024-01-07 07:00:00
406,Aire Acondicionado,3,filtros_sucios,3,33.5,13,13,1,97,normal,2024-11-26 08:00:00
407,Cuarto Frio,5,consumo_alto_cf,4,29.3,8,8,1,86,tecnico,2024-08-15 19:00:00
408,Aire Acondicionado,3,filtros_limpios_presion_normal,14,28.2,3,3,1,88,normal,2024-08-24 07:00:00
409,Aire Acondicionado,3,codigo_error,6,28.3,12,12,1,81,normal,2024-06-30 10:00:00
410,Aire Acondicionado,3,exterior_no_control_no,4,24.4,12,1,0,87,normal,2024-11-11 10:00:00
411,Congelador,2,hielo_evaporador,6,27.7,11,11,1,74,normal,2024-04-12 17:00:00
412,Cuarto Frio,5,trabaja_sin_parar_filt_no,8,28.6,1,1,1,93,tecnico,2024-07-14 19:00:00
413,Congelador,2,hielo_evaporador,7,20.2,11,11,1,74,normal,2024-04-02 07:00:00
414,Congelador,2,hielo_bordes,3,29.8,10,4,0,74,normal,2024-08-29 15:00:00
415,Congelador,2,hielo_bordes,20,30.8,10,10,1,74,normal,2025-01-12 07:00:00
416,Aire Acondicionado,3,codigo_error,12,28.7,12,12,1,81,normal,2024-03-29 09:00:00
417,Aire Acondicionado,3,codigo_error,5,28.7,12,12,1,81,tecnico,2024-06-29 16:00:00
418,Cuarto Frio,5,trabaja_sin_parar_filt_no,8,25.2,1,1,1,93,tecnico,2024-09-09 15:00:00
419,Congelador,2,comp_func_temp_mayor_0,7,31.5,3,3,1,96,normal,2024-01-01 12:00:00
420,Cuarto Frio,5,trabaja_sin_parar_filt_no,11,30.6,1,1,1,93,normal,2024-06-14 07:00:00
421,Refrigerador,1,escarcha_poca_burbujeo_si,8,35.0,1,9,0,79,tecnico,2024-07-10 18:00:00
422,Enfriador Comercial,4,cristales_resist_no,2,25.6,16,16,1,96,normal,2024-03-21 18:00:00
423,Enfriador Comercial,4,puertas_mal,16,27.5,10,8,0,95,normal,2024-10-28 20:00:00
424,Aire Acondicionado,3,gotea_nueva,5,27.0,9,9,1,72,normal,2025-01-08 07:00:00
425,Cuarto Frio,5,cicla_hielo_no,12,29.7,1,1,1,94,normal,2024-11-09 10:00:00
426,Cuarto Frio,5,trabaja_sin_parar_filt_si,15,23.9,14,14,1,86,tecnico,2024-05-01 12:00:00
427,Congelador,2,comp_func_temp_mayor_0,8,36.2,3,3,1,96,tecnico,2024-06-20 14:00:00
428,Refrigerador,1,compresor_no_clic_si,3,27.3,4,4,1,90,normal,2024-02-25 18:00:00
429,Refrigerador,1,escarcha_mucha_ventilador_si,5,27.8,5,11,0,88,tecnico,2024-06-28 15:00:00
430,Enfriador Comercial,4,comp_func_cond_limpio,12,18.5,1,1,1,87,normal,2025-01-23 17:00:00
431,Aire Acondicionado,3,filtros_sucios,6,29.3,13,13,1,97,normal,2024-02-23 08:00:00
432,Congelador,2,comp_func_temp_mayor_0,13,28.0,3,3,1,96,normal,2024-02-17 12:00:00
433,Cuarto Frio,5,consumo_alto_cf,13,27.8,8,8,1,86,normal,2024-08-10 09:00:00
434,Refrigerador,1,escarcha_mucha_ventilador_no,5,24.9,6,10,0,73,normal,2025-01-04 18:00:00
435,Cuarto Frio,5,cicla_hielo_si,9,28.5,11,11,1,87,normal,2024-09-08 09:00:00
436,Refrigerador,1,compresor_no_voltaje_si,0,30.7,3,3,1,89,tecnico,2024-11-16 16:00:00
437,Enfriador Comercial,4,comp_func_cond_sucio,1,30.5,8,16,0,92,tecnico,2024-06-06 19:00:00
438,Enfriador Comercial,4,cristales_resist_si,7,34.5,16,16,1,85,normal,2024-10-05 13:00:00
439,Aire Acondicionado,3,gotea_antigua,13,26.0,9,9,1,94,normal,2024-04-25 20:00:00
440,Congelador,2,hielo_bordes,1,32.2,10,1,0,74,normal,2024-06-25 19:00:00
441,Cuarto Frio,5,cicla_hielo_no,17,24.7,1,1,1,94,tecnico,2024-08-02 15:00:00
442,Enfriador Comercial,4,cristales_resist_no,13,26.3,16,16,1,96,normal,2024-12-31 07:00:00
443,Cuarto Frio,5,consumo_alto_cf,13,30.9,8,8,1,86,normal,2025-01-22 14:00:00
444,Aire Acondicionado,3,filtros_sucios,17,23.3,13,13,1,97,normal,2024-08-04 08:00:00
445,Enfriador Comercial,4,comp_func_cond_sucio,20,23.7,8,8,1,92,tecnico,2024-02-04 08:00:00
446,Enfriador Comercial,4,cristales_resist_no,6,23.6,16,16,1,96,normal,2024-08-22 20:00:00
447,Refrigerador,1,gotea,9,23.1,9,9,1,89,normal,2024-10-17 16:00:00
448,Cuarto Frio,5,trabaja_sin_parar_filt_si,14,25.4,14,14,1,86,normal,2024-05-26 20:00:00
449,Cuarto Frio,5,cicla_hielo_si,13,28.5,11,11,1,87,normal,2024-03-29 11:00:00
450,Enfriador Comercial,4,comp_func_cond_sucio,8,34.8,8,8,1,92,normal,2024-07-21 12:00:00
451,Aire Acondicionado,3,filtros_limpios_presion_baja,10,36.5,1,8,0,77,tecnico,2024-06-04 11:00:00
452,Congelador,2,hielo_evaporador,12,24.9,11,11,1,74,tecnico,2024-04-26 09:00:00
453,Congelador,2,consumo_alto,6,30.5,8,8,1,93,normal,2024-04-06 14:00:00
454,Aire Acondicionado,3,gotea_nueva,10,26.2,9,4,0,72,tecnico,2024-09-20 19:00:00
455,Aire Acondicionado,3,filtros_limpios_presion_normal,5,26.8,3,3,1,88,tecnico,2024-01-15 09:00:00
456,Aire Acondicionado,3,exterior_no_control_si,12,28.9,4,4,1,78,normal,2024-07-03 18:00:00
457,Aire Acondicionado,3,exterior_no_control_no,5,25.1,12,18,0,87,normal,2024-07-09 14:00:00
458,Cuarto Frio,5,cicla_hielo_no,3,29.9,1,1,1,94,normal,2024-06-28 12:00:00
459,Aire Acondicionado,3,exterior_no_control_no,10,27.8,12,12,1,87,normal,2024-10-19 19:00:00
460,Aire Acondicionado,3,exterior_no_control_si,9,26.0,4,4,1,78,normal,2024-07-28 15:00:00
461,Refrigerador,1,gotea,16,27.1,9,9,1,89,normal,2024-01-05 10:00:00
462,Congelador,2,hielo_bordes,11,24.9,10,10,1,74,tecnico,2024-11-25 11:00:00
463,Enfriador Comercial,4,cristales_resist_si,12,26.3,16,16,1,85,normal,2024-11-15 13:00:00
464,Cuarto Frio,5,trabaja_sin_parar_filt_si,0,29.7,14,11,0,86,normal,2024-10-31 16:00:00
465,Congelador,2,comp_no,9,25.4,4,4,1,80,normal,2024-05-21 11:00:00
466,Congelador,2,comp_func_temp_mayor_0,2,29.4,3,3,1,96,tecnico,2024-11-03 13:00:00
467,Congelador,2,consumo_alto,2,33.6,8,8,1,93,tecnico,2024-07-26 13:00:00
468,Refrigerador,1,ruido_burbujeo,10,29.7,1,1,1,73,normal,2025-01-06 18:00:00
469,Aire Acondicionado,3,ruido_exterior,9,19.6,3,3,1,89,normal,2024-03-28 20:00:00
470,Cuarto Frio,5,trabaja_sin_parar_filt_no,4,30.4,1,1,1,93,tecnico,2025-01-06 19:00:00
471,Cuarto Frio,5,trabaja_sin_parar_filt_no,15,33.7,1,3,0,93,normal,2024-06-06 13:00:00
472,Congelador,2,comp_no,4,25.6,4,4,1,80,tecnico,2024-08-28 07:00:00
473,Cuarto Frio,5,consumo_alto_cf,15,36.6,8,8,1,86,tecnico,2024-07-14 15:00:00
474,Congelador,2,hielo_evaporador,1,32.6,11,3,0,74,tecnico,2024-06-24 13:00:00
475,Cuarto Frio,5,cicla_hielo_no,2,30.6,1,1,1,94,normal,2024-03-31 12:00:00
476,Refrigerador,1,escarcha_mucha_ventilador_si,6,27.1,5,5,1,88,tecnico,2024-10-22 19:00:00
477,Aire Acondicionado,3,ruido_interior,11,29.4,18,18,1,92,normal,2024-08-07 14:00:00
478,Enfriador Comercial,4,comp_func_cond_limpio,0,26.9,1,1,1,87,normal,2024-01-08 12:00:00
479,Cuarto Frio,5,trabaja_sin_parar_filt_no,0,35.5,1,1,1,93,tecnico,2024-06-08 09:00:00
480,Refrigerador,1,compresor_no_voltaje_no,7,29.2,17,17,1,94,normal,2024-01-24 11:00:00
481,Congelador,2,hielo_evaporador,10,26.0,11,3,0,74,normal,2024-09-07 12:00:00
482,Aire Acondicionado,3,filtros_sucios,15,26.9,13,13,1,97,normal,2024-04-26 10:00:00
483,Aire Acondicionado,3,exterior_no_control_si,10,26.9,4,4,1,78,normal,2024-01-20 13:00:00
484,Congelador,2,hielo_bordes,8,27.7,10,10,1,74,normal,2024-02-25 17:00:00
485,Refrigerador,1,escarcha_mucha_ventilador_si,9,25.6,5,5,1,88,normal,2024-03-19 10:00:00
486,Refrigerador,1,compresor_no_clic_si,6,31.0,4,4,1,90,normal,2024-11-14 16:00:00
487,Aire Acondicionado,3,gotea_nueva,12,34.0,9,9,1,72,normal,2024-02-24 14:00:00
488,Aire Acondicionado,3,codigo_error,3,32.9,12,12,1,81,normal,2024-04-13 12:00:00
489,Enfriador Comercial,4,comp_no_ec,3,20.6,3,3,1,90,normal,2024-04-30 07:00:00
490,Refrigerador,1,hielo_puerta_mala,1,26.4,10,10,1,77,normal,2024-09-09 09:00:00
491,Refrigerador,1,gotea,7,28.7,9,9,1,89,normal,2024-05-31 11:00:00
492,Enfriador Comercial,4,comp_func_cond_limpio,2,27.2,1,1,1,87,normal,2024-05-28 12:00:00
493,Congelador,2,hielo_evaporador,10,34.6,11,11,1,74,tecnico,2024-12-05 17:00:00
494,Aire Acondicionado,3,gotea_antigua,5,32.8,9,9,1,94,normal,2025-01-10 08:00:00
495,Congelador,2,comp_no,3,20.7,4,4,1,80,normal,2024-09-01 19:00:00
496,Enfriador Comercial,4,puertas_mal,13,35.0,10,10,1,95,normal,2025-01-06 07:00:00
497,Aire Acondicionado,3,filtros_limpios_presion_normal,6,22.9,3,3,1,88,normal,2024-07-13 19:00:00
498,Congelador,2,hielo_bordes,0,25.1,10,10,1,74,tecnico,2024-03-07 14:00:00
499,Enfriador Comercial,4,comp_func_cond_limpio,13,27.7,1,1,1,87,normal,2024-12-13 15:00:00
500,Cuarto Frio,5,alarmas,8,29.5,15,11,0,90,normal,2024-12-18 18:00:00
501,Cuarto Frio,5,trabaja_sin_parar_filt_si,6,28.3,14,14,1,86,normal,2024-03-17 20:00:00
502,Cuarto Frio,5,consumo_alto_cf,1,24.5,8,8,1,86,normal,2024-08-28 20:00:00
503,Enfriador Comercial,4,comp_func_cond_sucio,1,26.0,8,1,0,92,normal,2024-10-08 17:00:00
504,Enfriador Comercial,4,cristales_resist_si,11,29.2,16,16,1,85,normal,2024-10-20 14:00:00
505,Refrigerador,1,ruido_vibracion,6,32.4,3,3,1,74,normal,2024-07-30 07:00:00
506,Cuarto Frio,5,consumo_alto_cf,0,32.2,8,8,1,86,normal,2024-11-12 17:00:00
507,Congelador,2,hielo_bordes,8,26.5,10,10,1,74,tecnico,2024-04-24 20:00:00
508,Enfriador Comercial,4,comp_no_ec,7,25.4,3,3,1,90,normal,2024-12-02 12:00:00
509,Enfriador Comercial,4,comp_func_cond_limpio,1,28.9,1,1,1,87,normal,2024-05-29 15:00:00
510,Cuarto Frio,5,cicla_hielo_si,9,28.8,11,11,1,87,normal,2024-03-12 20:00:00
511,Enfriador Comercial,4,comp_func_cond_limpio,4,29.7,1,1,1,87,normal,2025-02-04 10:00:00
512,Congelador,2,comp_func_temp_0_10,10,30.9,1,1,1,76,normal,2024-12-10 16:00:00
513,Refrigerador,1,gotea,13,23.9,9,9,1,89,tecnico,2024-01-03 15:00:00
514,Refrigerador,1,ruido_zumbido,15,30.4,18,18,1,83,normal,2024-03-31 18:00:00
515,Cuarto Frio,5,trabaja_sin_parar_filt_no,10,31.7,1,1,1,93,tecnico,2024-09-15 13:00:00
516,Enfriador Comercial,4,cristales_resist_no,14,31.9,16,16,1,96,normal,2024-06-24 11:00:00
517,Enfriador Comercial,4,comp_func_cond_sucio,2,22.3,8,8,1,92,tecnico,2024-10-07 20:00:00
518,Congelador,2,consumo_alto,10,24.0,8,8,1,93,normal,2024-04-17 16:00:00
519,Congelador,2,consumo_alto,5,23.7,8,8,1,93,tecnico,2024-09-14 15:00:00
520,Congelador,2,consumo_alto,2,19.0,8,8,1,93,normal,2024-10-19 17:00:00
521,Enfriador Comercial,4,puertas_mal,10,30.8,10,10,1,95,tecnico,2024-09-24 08:00:00
522,Refrigerador,1,compresor_no_voltaje_no,2,26.2,17,17,1,94,normal,2025-01-19 19:00:00
523,Aire Acondicionado,3,exterior_no_control_no,9,29.9,12,12,1,87,normal,2024-10-04 07:00:00
524,Congelador,2,hielo_evaporador,2,30.1,11,10,0,74,tecnico,2025-01-15 17:00:00
525,Cuarto Frio,5,cicla_hielo_no,4,30.5,1,1,1,94,normal,2024-07-14 13:00:00
526,Enfriador Comercial,4,puertas_mal,5,22.0,10,10,1,95,normal,2024-05-08 10:00:00
527,Cuarto Frio,5,cicla_hielo_no,12,34.3,1,1,1,94,normal,2024-11-04 10:00:00
528,Aire Acondicionado,3,exterior_no_control_no,6,25.7,12,1,0,87,normal,2024-03-29 18:00:00
529,Cuarto Frio,5,trabaja_sin_parar_filt_si,5,24.4,14,14,1,86,normal,2024-05-10 07:00:00
530,Congelador,2,hielo_evaporador,10,31.2,11,11,1,74,normal,2024-06-14 16:00:00
531,Refrigerador,1,gotea,15,24.6,9,9,1,89,normal,2024-07-02 08:00:00
532,Congelador,2,hielo_bordes,3,25.1,10,10,1,74,normal,2024-09-15 09:00:00
533,Enfriador Comercial,4,cristales_resist_no,7,31.4,16,16,1,96,normal,2024-07-03 11:00:00
534,Aire Acondicionado,3,codigo_error,7,30.5,12,18,0,81,normal,2024-12-08 12:00:00
535,Enfriador Comercial,4,comp_func_cond_sucio,14,24.8,8,10,0,92,normal,2024-02-28 13:00:00
536,Congelador,2,hielo_bordes,10,25.3,10,10,1,74,normal,2025-01-29 12:00:00
537,Cuarto Frio,5,consumo_alto_cf,6,37.2,8,8,1,86,normal,2024-02-19 09:00:00
538,Cuarto Frio,5,consumo_alto_cf,0,31.3,8,8,1,86,normal,2025-01-31 10:00:00
539,Enfriador Comercial,4,comp_func_cond_limpio,3,32.9,1,1,1,87,normal,2024-02-06 18:00:00
540,Aire Acondicionado,3,filtros_limpios_presion_baja,6,21.8,1,1,1,77,normal,2024-01-28 09:00:00
541,Congelador,2,hielo_bordes,1,32.8,10,10,1,74,normal,2024-07-26 13:00:00
542,Congelador,2,comp_func_temp_0_10,6,21.1,1,1,1,76,normal,2025-01-03 16:00:00
543,Refrigerador,1,gotea,10,36.5,9,9,1,89,normal,2024-05-28 19:00:00
544,Congelador,2,hielo_bordes,1,31.2,10,8,0,74,normal,2024-12-04 07:00:00
545,Enfriador Comercial,4,comp_func_cond_sucio,7,31.6,8,8,1,92,normal,2024-11-20 09:00:00
546,Congelador,2,consumo_alto,13,32.0,8,4,0,93,tecnico,2024-01-06 15:00:00
547,Cuarto Frio,5,trabaja_sin_parar_filt_no,2,34.4,1,1,1,93,tecnico,2024-06-05 10:00:00
548,Congelador,2,comp_func_temp_mayor_0,6,29.2,3,3,1,96,normal,2024-03-23 09:00:00
549,Aire Acondicionado,3,codigo_error,12,29.9,12,12,1,81,tecnico,2025-01-19 15:00:00
550,Enfriador Comercial,4,puertas_mal,7,31.4,10,10,1,95,normal,2024-02-20 10:00:00
551,Cuarto Frio,5,cicla_hielo_no,15,25.3,1,1,1,94,normal,2024-02-05 10:00:00
552,Congelador,2,hielo_evaporador,6,33.7,11,11,1,74,normal,2024-10-26 09:00:00
553,Cuarto Frio,5,consumo_alto_cf,5,27.3,8,8,1,86,normal,2024-04-23 18:00:00
554,Enfriador Comercial,4,comp_no_ec,12,32.9,3,3,1,90,tecnico,2024-09-02 14:00:00
555,Enfriador Comercial,4,comp_no_ec,11,27.1,3,3,1,90,normal,2024-05-23 20:00:00
556,Aire Acondicionado,3,ruido_exterior,3,29.2,3,3,1,89,normal,2025-01-07 08:00:00
557,Refrigerador,1,ruido_zumbido,8,31.0,18,18,1,83,normal,2024-01-19 15:00:00
558,Congelador,2,hielo_bordes,13,24.1,10,10,1,74,normal,2024-03-17 12:00:00
559,Enfriador Comercial,4,comp_func_cond_sucio,13,22.3,8,8,1,92,normal,2024-02-16 13:00:00
560,Congelador,2,hielo_bordes,0,24.8,10,10,1,74,tecnico,2024-11-10 17:00:00
561,Aire Acondicionado,3,ruido_exterior,2,31.8,3,3,1,89,tecnico,2024-03-15 18:00:00
562,Enfriador Comercial,4,comp_no_ec,0,33.4,3,3,1,90,normal,2024-05-15 12:00:00
563,Aire Acondicionado,3,filtros_limpios_presion_baja,9,22.0,1,1,1,77,tecnico,2024-01-24 07:00:00
564,Congelador,2,comp_func_temp_0_10,9,28.2,1,1,1,76,tecnico,2025-01-14 11:00:00
565,Cuarto Frio,5,consumo_alto_cf,8,26.2,8,8,1,86,tecnico,2024-02-09 15:00:00
566,Congelador,2,hielo_evaporador,17,31.7,11,11,1,74,normal,2024-06-25 14:00:00
567,Enfriador Comercial,4,cristales_resist_no,0,32.2,16,16,1,96,normal,2024-05-23 10:00:00
568,Aire Acondicionado,3,filtros_sucios,2,26.1,13,13,1,97,tecnico,2024-12-04 10:00:00
569,Enfriador Comercial,4,comp_no_ec,10,24.5,3,3,1,90,normal,2024-07-29 07:00:00
570,Aire Acondicionado,3,filtros_limpios_presion_baja,2,29.5,1,1,1,77,normal,2024-09-19 07:00:00
571,Cuarto Frio,5,trabaja_sin_parar_filt_no,1,28.9,1,8,0,93,tecnico,2025-01-07 17:00:00
572,Congelador,2,comp_func_temp_0_10,3,31.5,1,1,1,76,normal,2024-09-03 09:00:00
573,Aire Acondicionado,3,gotea_nueva,8,31.1,9,9,1,72,normal,2024-05-15 09:00:00
574,Congelador,2,hielo_evaporador,8,21.9,11,11,1,74,normal,2024-03-08 08:00:00
575,Refrigerador,1,escarcha_poca_burbujeo_no,7,34.1,2,18,0,78,normal,2024-08-31 16:00:00
576,Cuarto Frio,5,trabaja_sin_parar_filt_si,13,25.7,14,14,1,86,tecnico,2024-02-17 14:00:00
577,Aire Acondicionado,3,codigo_error,7,38.4,12,12,1,81,normal,2024-08-03 12:00:00
578,Refrigerador,1,hielo_puerta_bien,7,29.1,11,11,1,85,tecnico,2025-01-28 13:00:00
579,Congelador,2,hielo_bordes,11,35.4,10,10,1,74,normal,2024-05-10 14:00:00
580,Aire Acondicionado,3,filtros_limpios_presion_normal,4,24.8,3,3,1,88,normal,2024-04-06 07:00:00
581,Refrigerador,1,ruido_burbujeo,7,25.2,1,1,1,73,tecnico,2024-07-28 12:00:00
582,Refrigerador,1,escarcha_poca_burbujeo_si,6,28.5,1,1,1,79,normal,2024-10-01 13:00:00
583,Cuarto Frio,5,cicla_hielo_si,8,33.0,11,11,1,87,normal,2024-10-12 14:00:00
584,Aire Acondicionado,3,gotea_antigua,7,28.8,9,9,1,94,tecnico,2024-10-22 12:00:00
585,Enfriador Comercial,4,puertas_mal,2,30.3,10,10,1,95,tecnico,2024-03-23 08:00:00
586,Aire Acondicionado,3,ruido_exterior,6,27.5,3,3,1,89,normal,2024-12-22 17:00:00
587,Refrigerador,1,escarcha_poca_burbujeo_si,6,24.3,1,11,0,79,tecnico,2024-08-10 08:00:00
588,Refrigerador,1,compresor_no_clic_si,3,23.6,4,4,1,90,normal,2024-07-15 13:00:00
589,Cuarto Frio,5,alarmas,7,27.7,15,8,0,90,normal,2024-08-12 07:00:00
590,Aire Acondicionado,3,ruido_exterior,4,23.8,3,3,1,89,normal,2024-09-21 18:00:00
591,Aire Acondicionado,3,codigo_error,3,31.9,12,12,1,81,normal,2024-05-21 19:00:00
592,Enfriador Comercial,4,comp_no_ec,9,29.7,3,3,1,90,normal,2024-01-08 18:00:00
593,Refrigerador,1,escarcha_mucha_ventilador_no,7,28.2,6,6,1,73,normal,2024-05-21 10:00:00
594,Cuarto Frio,5,trabaja_sin_parar_filt_no,6,23.9,1,1,1,93,normal,2024-03-30 13:00:00
595,Cuarto Frio,5,trabaja_sin_parar_filt_si,7,25.4,14,14,1,86,normal,2024-05-11 15:00:00
596,Cuarto Frio,5,cicla_hielo_si,9,28.9,11,15,0,87,tecnico,2025-01-22 12:00:00
597,Enfriador Comercial,4,puertas_mal,6,28.2,10,10,1,95,normal,2024-11-20 19:00:00
598,Aire Acondicionado,3,exterior_no_control_si,11,28.5,4,4,1,78,normal,2024-10-01 07:00:00
599,Congelador,2,comp_func_temp_mayor_0,4,23.6,3,3,1,96,normal,2024-04-01 14:00:00
600,Congelador,2,comp_no,3,32.9,4,4,1,80,normal,2025-01-17 17:00:00
601,Aire Acondicionado,3,ruido_interior,10,29.3,18,18,1,92,normal,2024-05-07 20:00:00
602,Cuarto Frio,5,cicla_hielo_si,2,32.0,11,11,1,87,tecnico,2024-12-12 17:00:00
603,Enfriador Comercial,4,cristales_resist_no,0,35.3,16,16,1,96,normal,2024-06-10 14:00:00
604,Cuarto Frio,5,cicla_hielo_si,7,21.1,11,14,0,87,normal,2025-01-19 16:00:00
605,Aire Acondicionado,3,filtros_limpios_presion_baja,7,20.6,1,1,1,77,normal,2024-12-17 19:00:00
606,Aire Acondicionado,3,ruido_interior,17,33.4,18,18,1,92,normal,2024-01-07 17:00:00
607,Aire Acondicionado,3,gotea_nueva,8,26.5,9,9,1,72,normal,2024-05-01 11:00:00
608,Enfriador Comercial,4,cristales_resist_no,5,33.9,16,16,1,96,normal,2024-08-02 18:00:00
609,Congelador,2,comp_no,12,28.5,4,4,1,80,normal,2024-04-27 20:00:00
610,Refrigerador,1,hielo_puerta_bien,4,31.5,11,11,1,85,normal,2024-07-14 10:00:00
611,Aire Acondicionado,3,filtros_sucios,6,33.2,13,13,1,97,tecnico,2024-11-18 15:00:00
612,Cuarto Frio,5,alarmas,5,29.3,15,15,1,90,normal,2024-10-17 07:00:00
613,Enfriador Comercial,4,comp_func_cond_limpio,9,35.8,1,8,0,87,normal,2024-08-18 18:00:00
614,Congelador,2,comp_no,5,31.7,4,4,1,80,tecnico,2024-05-11 12:00:00
615,Refrigerador,1,compresor_no_voltaje_no,2,35.9,17,17,1,94,normal,2024-11-28 15:00:00
616,Aire Acondicionado,3,exterior_no_control_no,5,21.4,12,12,1,87,normal,2025-01-12 14:00:00
617,Refrigerador,1,compresor_no_voltaje_no,8,19.2,17,17,1,94,normal,2024-06-21 13:00:00
618,Cuarto Frio,5,consumo_alto_cf,6,31.3,8,1,0,86,normal,2024-04-26 12:00:00
619,Congelador,2,consumo_alto,4,28.4,8,8,1,93,normal,2024-07-04 18:00:00
620,Cuarto Frio,5,consumo_alto_cf,16,34.7,8,8,1,86,normal,2024-01-12 09:00:00
621,Aire Acondicionado,3,exterior_no_control_no,15,28.5,12,12,1,87,normal,2024-02-02 14:00:00
622,Cuarto Frio,5,trabaja_sin_parar_filt_si,0,27.4,14,14,1,86,tecnico,2024-02-12 08:00:00
623,Congelador,2,hielo_bordes,2,24.3,10,10,1,74,normal,2024-05-25 14:00:00
624,Aire Acondicionado,3,filtros_sucios,7,22.1,13,13,1,97,normal,2024-07-01 20:00:00
625,Congelador,2,hielo_evaporador,6,35.4,11,11,1,74,normal,2024-12-23 15:00:00
626,Aire Acondicionado,3,codigo_error,8,22.2,12,12,1,81,normal,2024-10-15 13:00:00
627,Cuarto Frio,5,alarmas,9,27.6,15,15,1,90,tecnico,2024-08-14 11:00:00
628,Congelador,2,hielo_evaporador,4,32.4,11,11,1,74,normal,2025-01-23 20:00:00
629,Aire Acondicionado,3,gotea_antigua,4,23.0,9,9,1,94,tecnico,2024-06-02 07:00:00
630,Enfriador Comercial,4,comp_no_ec,8,27.7,3,3,1,90,normal,2024-04-06 13:00:00
631,Cuarto Frio,5,cicla_hielo_no,6,32.4,1,1,1,94,normal,2024-05-14 08:00:00
632,Enfriador Comercial,4,puertas_mal,4,34.6,10,10,1,95,tecnico,2024-12-21 17:00:00
633,Congelador,2,comp_no,9,25.9,4,4,1,80,normal,2024-03-10 11:00:00
634,Refrigerador,1,hielo_puerta_mala,6,28.4,10,10,1,77,tecnico,2024-09-08 10:00:00
635,Congelador,2,comp_func_temp_0_10,2,29.8,1,8,0,76,normal,2025-01-01 14:00:00
636,Refrigerador,1,escarcha_poca_burbujeo_no,1,28.8,2,2,1,78,normal,2024-08-03 11:00:00
637,Enfriador Comercial,4,comp_no_ec,6,29.9,3,3,1,90,tecnico,2024-01-29 11:00:00
638,Enfriador Comercial,4,comp_func_cond_limpio,7,25.5,1,1,1,87,tecnico,2024-05-08 20:00:00
639,Enfriador Comercial,4,comp_func_cond_limpio,2,29.3,1,1,1,87,normal,2025-01-12 07:00:00
640,Aire Acondicionado,3,ruido_interior,10,26.0,18,18,1,92,normal,2024-04-16 14:00:00
641,Enfriador Comercial,4,puertas_mal,16,31.2,10,10,1,95,tecnico,2024-10-08 15:00:00
642,Refrigerador,1,compresor_no_clic_si,7,28.1,4,4,1,90,normal,2024-01-27 20:00:00
643,Aire Acondicionado,3,filtros_limpios_presion_normal,4,28.4,3,3,1,88,normal,2024-07-21 19:00:00
644,Aire Acondicionado,3,filtros_limpios_presion_baja,16,29.3,1,1,1,77,normal,2024-12-18 16:00:00
645,Aire Acondicionado,3,gotea_antigua,11,29.0,9,9,1,94,normal,2025-01-23 17:00:00
646,Refrigerador,1,escarcha_mucha_ventilador_si,5,33.7,5,5,1,88,normal,2024-02-24 09:00:00
647,Enfriador Comercial,4,comp_func_cond_sucio,5,23.6,8,8,1,92,tecnico,2025-01-10 10:00:00
648,Refrigerador,1,hielo_puerta_bien,5,26.9,11,11,1,85,normal,2024-01-21 14:00:00
649,Enfriador Comercial,4,cristales_resist_no,4,28.2,16,16,1,96,normal,2025-01-09 14:00:00
650,Congelador,2,hielo_bordes,14,26.5,10,10,1,74,normal,2024-03-20 14:00:00
651,Congelador,2,comp_no,7,22.4,4,4,1,80,tecnico,2024-01-10 16:00:00
652,Congelador,2,hielo_bordes,4,31.0,10,10,1,74,normal,2024-10-02 20:00:00
653,Enfriador Comercial,4,comp_func_cond_sucio,7,23.9,8,8,1,92,normal,2024-11-24 12:00:00
654,Refrigerador,1,escarcha_mucha_ventilador_no,7,29.1,6,6,1,73,tecnico,2024-03-07 09:00:00
655,Refrigerador,1,escarcha_poca_burbujeo_no,2,29.4,2,2,1,78,normal,2024-09-07 15:00:00
656,Cuarto Frio,5,alarmas,8,29.9,15,15,1,90,normal,2025-01-02 08:00:00
657,Refrigerador,1,escarcha_poca_burbujeo_no,9,35.8,2,2,1,78,normal,2024-07-03 15:00:00
658,Enfriador Comercial,4,comp_no_ec,11,25.7,3,3,1,90,normal,2024-09-27 07:00:00
659,Refrigerador,1,compresor_no_clic_si,1,30.0,4,4,1,90,normal,2024-07-16 10:00:00
660,Aire Acondicionado,3,ruido_exterior,9,33.7,3,3,1,89,tecnico,2024-10-12 18:00:00
661,Cuarto Frio,5,cicla_hielo_no,10,29.5,1,1,1,94,tecnico,2024-08-06 08:00:00
662,Aire Acondicionado,3,filtros_sucios,7,23.8,13,13,1,97,normal,2024-09-30 16:00:00
663,Enfriador Comercial,4,comp_no_ec,14,16.1,3,3,1,90,normal,2024-11-20 13:00:00
664,Congelador,2,hielo_bordes,4,24.8,10,10,1,74,normal,2024-10-08 18:00:00
665,Congelador,2,comp_no,16,25.2,4,4,1,80,tecnico,2024-11-01 07:00:00
666,Cuarto Frio,5,trabaja_sin_parar_filt_no,20,30.3,1,3,0,93,normal,2024-04-23 10:00:00
667,Congelador,2,comp_func_temp_0_10,11,36.0,1,1,1,76,normal,2024-10-19 09:00:00
668,Refrigerador,1,escarcha_mucha_ventilador_si,6,26.4,5,5,1,88,normal,2024-10-25 10:00:00
669,Aire Acondicionado,3,exterior_no_control_no,11,32.4,12,18,0,87,normal,2024-06-15 19:00:00
670,Enfriador Comercial,4,comp_func_cond_sucio,7,31.2,8,8,1,92,tecnico,2024-02-18 16:00:00
671,Congelador,2,comp_func_temp_0_10,10,27.6,1,1,1,76,tecnico,2024-06-27 20:00:00
672,Enfriador Comercial,4,cristales_resist_si,14,28.3,16,16,1,85,tecnico,2025-01-17 17:00:00
673,Cuarto Frio,5,trabaja_sin_parar_filt_si,8,28.1,14,14,1,86,normal,2024-10-16 09:00:00
674,Congelador,2,hielo_bordes,9,28.0,10,10,1,74,normal,2024-07-20 14:00:00
675,Cuarto Frio,5,consumo_alto_cf,7,29.6,8,8,1,86,normal,2024-02-12 14:00:00
676,Cuarto Frio,5,alarmas,1,32.3,15,15,1,90,normal,2024-09-13 13:00:00
677,Aire Acondicionado,3,filtros_sucios,7,30.3,13,13,1,97,normal,2025-01-11 15:00:00
678,Aire Acondicionado,3,exterior_no_control_si,1,32.8,4,4,1,78,normal,2024-10-21 08:00:00
679,Refrigerador,1,hielo_puerta_mala,6,27.3,10,10,1,77,normal,2025-01-29 11:00:00
680,Aire Acondicionado,3,gotea_antigua,8,30.9,9,12,0,94,normal,2024-08-13 07:00:00
681,Aire Acondicionado,3,exterior_no_control_si,9,32.6,4,4,1,78,tecnico,2024-05-04 16:00:00
682,Aire Acondicionado,3,exterior_no_control_no,0,34.4,12,12,1,87,normal,2024-08-18 14:00:00
683,Refrigerador,1,compresor_no_voltaje_si,3,26.4,3,3,1,89,normal,2024-09-04 16:00:00
684,Aire Acondicionado,3,filtros_limpios_presion_baja,5,28.4,1,13,0,77,normal,2024-03-28 07:00:00
685,Congelador,2,comp_func_temp_mayor_0,11,28.0,3,3,1,96,normal,2024-07-17 17:00:00
686,Congelador,2,consumo_alto,12,28.1,8,8,1,93,tecnico,2024-01-10 11:00:00
687,Enfriador Comercial,4,comp_func_cond_sucio,18,22.7,8,8,1,92,normal,2024-11-01 15:00:00
688,Refrigerador,1,escarcha_poca_burbujeo_si,3,28.7,1,17,0,79,tecnico,2024-01-12 07:00:00
689,Aire Acondicionado,3,ruido_exterior,5,22.4,3,3,1,89,normal,2024-06-30 17:00:00
690,Congelador,2,comp_func_temp_mayor_0,20,29.4,3,3,1,96,normal,2024-05-11 13:00:00
691,Refrigerador,1,ruido_zumbido,15,29.6,18,18,1,83,normal,2025-01-08 13:00:00
692,Cuarto Frio,5,alarmas,8,32.6,15,15,1,90,normal,2024-05-03 16:00:00
693,Aire Acondicionado,3,gotea_nueva,17,32.0,9,9,1,72,normal,2024-03-11 16:00:00
694,Cuarto Frio,5,alarmas,11,27.1,15,15,1,90,normal,2024-12-27 15:00:00
695,Aire Acondicionado,3,gotea_nueva,20,31.2,9,3,0,72,normal,2024-10-12 15:00:00
696,Refrigerador,1,escarcha_poca_burbujeo_si,5,28.7,1,2,0,79,tecnico,2024-07-30 13:00:00
697,Congelador,2,hielo_evaporador,10,31.5,11,11,1,74,normal,2024-04-06 08:00:00
698,Aire Acondicionado,3,filtros_sucios,0,23.9,13,12,0,97,normal,2024-10-17 16:00:00
699,Aire Acondicionado,3,codigo_error,4,27.6,12,12,1,81,normal,2024-09-14 20:00:00
700,Cuarto Frio,5,cicla_hielo_no,10,25.5,1,1,1,94,tecnico,2024-09-08 14:00:00
701,Aire Acondicionado,3,filtros_sucios,3,35.7,13,13,1,97,normal,2024-07-30 10:00:00
702,Aire Acondicionado,3,exterior_no_control_si,1,30.4,4,12,0,78,tecnico,2024-09-07 18:00:00
703,Congelador,2,hielo_evaporador,13,22.8,11,11,1,74,tecnico,2025-01-03 12:00:00
704,Enfriador Comercial,4,cristales_resist_no,15,32.0,16,16,1,96,normal,2024-11-24 18:00:00
705,Refrigerador,1,ruido_zumbido,2,21.1,18,4,0,83,normal,2024-07-21 18:00:00
706,Refrigerador,1,ruido_zumbido,6,31.2,18,18,1,83,tecnico,2024-04-07 11:00:00
707,Enfriador Comercial,4,cristales_resist_si,13,29.5,16,16,1,85,normal,2024-01-28 18:00:00
708,Cuarto Frio,5,trabaja_sin_parar_filt_no,6,25.8,1,1,1,93,normal,2024-09-13 08:00:00
709,Aire Acondicionado,3,codigo_error,15,28.3,12,12,1,81,normal,2024-04-01 14:00:00
710,Cuarto Frio,5,alarmas,13,27.0,15,15,1,90,normal,2024-06-14 18:00:00
711,Aire Acondicionado,3,filtros_limpios_presion_normal,1,27.5,3,3,1,88,tecnico,2025-01-07 19:00:00
712,Cuarto Frio,5,consumo_alto_cf,15,23.5,8,8,1,86,normal,2025-01-28 09:00:00
713,Congelador,2,hielo_bordes,13,30.5,10,10,1,74,tecnico,2024-01-27 13:00:00
714,Congelador,2,comp_no,10,27.2,4,8,0,80,normal,2024-03-01 09:00:00
715,Aire Acondicionado,3,filtros_limpios_presion_baja,8,28.9,1,13,0,77,tecnico,2024-11-07 14:00:00
716,Aire Acondicionado,3,exterior_no_control_si,8,33.4,4,4,1,78,normal,2024-02-10 16:00:00
717,Cuarto Frio,5,trabaja_sin_parar_filt_si,4,23.7,14,14,1,86,tecnico,2024-01-26 09:00:00
718,Aire Acondicionado,3,filtros_limpios_presion_baja,9,27.4,1,1,1,77,tecnico,2024-12-07 16:00:00
719,Cuarto Frio,5,cicla_hielo_si,5,30.6,11,8,0,87,normal,2024-11-08 17:00:00
720,Cuarto Frio,5,consumo_alto_cf,11,30.0,8,8,1,86,normal,2024-10-23 12:00:00
721,Refrigerador,1,escarcha_mucha_ventilador_no,11,25.2,6,10,0,73,tecnico,2024-02-03 11:00:00
722,Enfriador Comercial,4,comp_func_cond_sucio,2,36.7,8,8,1,92,normal,2024-07-30 15:00:00
723,Aire Acondicionado,3,exterior_no_control_si,8,34.0,4,4,1,78,tecnico,2024-09-04 18:00:00
724,Cuarto Frio,5,alarmas,4,33.1,15,15,1,90,normal,2024-09-26 16:00:00
725,Cuarto Frio,5,cicla_hielo_si,14,25.5,11,11,1,87,normal,2024-04-02 16:00:00
726,Aire Acondicionado,3,exterior_no_control_no,18,25.9,12,12,1,87,normal,2024-11-16 19:00:00
727,Refrigerador,1,hielo_puerta_bien,12,33.6,11,11,1,85,normal,2024-10-13 19:00:00
728,Aire Acondicionado,3,filtros_limpios_presion_baja,9,14.9,1,1,1,77,normal,2024-02-04 11:00:00
729,Congelador,2,hielo_bordes,7,29.2,10,10,1,74,normal,2024-10-18 16:00:00
730,Refrigerador,1,escarcha_poca_burbujeo_si,3,27.0,1,11,0,79,tecnico,2024-01-19 17:00:00
731,Aire Acondicionado,3,ruido_interior,2,21.2,18,18,1,92,normal,2024-07-30 18:00:00
732,Refrigerador,1,ruido_zumbido,4,31.0,18,18,1,83,normal,2024-10-01 07:00:00
733,Aire Acondicionado,3,codigo_error,9,31.6,12,12,1,81,tecnico,2024-05-23 20:00:00
734,Refrigerador,1,compresor_no_voltaje_si,18,21.0,3,3,1,89,tecnico,2024-10-19 16:00:00
735,Enfriador Comercial,4,comp_func_cond_sucio,8,33.4,8,8,1,92,normal,2024-01-17 11:00:00
736,Enfriador Comercial,4,comp_func_cond_limpio,7,24.0,1,1,1,87,normal,2024-06-03 10:00:00
737,Cuarto Frio,5,cicla_hielo_si,3,28.2,11,11,1,87,normal,2024-09-16 07:00:00
738,Enfriador Comercial,4,cristales_resist_no,2,29.8,16,16,1,96,normal,2024-09-25 11:00:00
739,Congelador,2,comp_func_temp_mayor_0,11,38.3,3,3,1,96,tecnico,2024-04-15 18:00:00
740,Refrigerador,1,ruido_vibracion,6,35.6,3,2,0,74,normal,2024-01-23 17:00:00
741,Cuarto Frio,5,trabaja_sin_parar_filt_si,5,30.4,14,14,1,86,tecnico,2024-01-12 16:00:00
742,Congelador,2,consumo_alto,13,27.8,8,8,1,93,normal,2024-05-21 15:00:00
743,Congelador,2,hielo_evaporador,9,28.7,11,11,1,74,tecnico,2024-10-13 15:00:00
744,Refrigerador,1,escarcha_poca_burbujeo_no,7,31.3,2,2,1,78,normal,2024-12-26 19:00:00
745,Congelador,2,hielo_bordes,4,34.0,10,10,1,74,normal,2024-03-07 07:00:00
746,Enfriador Comercial,4,puertas_mal,1,31.4,10,10,1,95,normal,2024-07-19 09:00:00
747,Cuarto Frio,5,consumo_alto_cf,8,27.4,8,8,1,86,normal,2024-04-11 18:00:00
748,Cuarto Frio,5,trabaja_sin_parar_filt_si,17,25.0,14,14,1,86,normal,2024-03-08 08:00:00
749,Enfriador Comercial,4,comp_func_cond_limpio,6,26.5,1,1,1,87,normal,2024-04-24 09:00:00
750,Cuarto Frio,5,cicla_hielo_si,14,23.2,11,11,1,87,normal,2024-12-06 12:00:00
751,Congelador,2,hielo_evaporador,7,30.8,11,11,1,74,tecnico,2024-05-24 19:00:00
752,Congelador,2,hielo_bordes,8,29.8,10,10,1,74,normal,2024-12-31 19:00:00
753,Refrigerador,1,compresor_no_voltaje_si,7,32.1,3,3,1,89,normal,2024-05-02 16:00:00
754,Aire Acondicionado,3,ruido_exterior,2,30.5,3,3,1,89,normal,2024-04-16 20:00:00
755,Cuarto Frio,5,cicla_hielo_no,11,22.5,1,1,1,94,normal,2024-12-05 17:00:00
756,Refrigerador,1,hielo_puerta_bien,14,31.8,11,11,1,85,normal,2024-10-30 16:00:00
757,Enfriador Comercial,4,comp_no_ec,7,30.1,3,1,0,90,normal,2024-12-16 20:00:00
758,Cuarto Frio,5,cicla_hielo_no,5,26.8,1,1,1,94,normal,2024-04-21 20:00:00
759,Aire Acondicionado,3,codigo_error,14,28.9,12,12,1,81,normal,2024-09-29 11:00:00
760,Enfriador Comercial,4,cristales_resist_no,8,28.9,16,16,1,96,normal,2024-06-11 11:00:00
761,Cuarto Frio,5,alarmas,5,33.0,15,11,0,90,tecnico,2024-10-25 07:00:00
762,Cuarto Frio,5,consumo_alto_cf,6,27.5,8,8,1,86,normal,2024-07-08 15:00:00
763,Refrigerador,1,escarcha_mucha_ventilador_si,9,30.6,5,5,1,88,tecnico,2024-04-30 13:00:00
764,Cuarto Frio,5,cicla_hielo_no,8,25.6,1,1,1,94,normal,2024-08-10 15:00:00
765,Aire Acondicionado,3,filtros_sucios,6,30.5,13,13,1,97,tecnico,2024-03-19 11:00:00
766,Aire Acondicionado,3,filtros_sucios,0,32.6,13,13,1,97,normal,2024-09-06 17:00:00
767,Enfriador Comercial,4,comp_func_cond_sucio,1,26.4,8,8,1,92,tecnico,2024-11-05 13:00:00
768,Cuarto Frio,5,trabaja_sin_parar_filt_no,6,25.8,1,1,1,93,tecnico,2024-07-15 12:00:00
769,Aire Acondicionado,3,filtros_sucios,6,33.7,13,13,1,97,tecnico,2024-05-17 13:00:00
770,Cuarto Frio,5,consumo_alto_cf,5,29.2,8,15,0,86,tecnico,2024-02-27 16:00:00
771,Enfriador Comercial,4,puertas_mal,1,28.4,10,10,1,95,tecnico,2024-05-23 14:00:00
772,Cuarto Frio,5,trabaja_sin_parar_filt_si,7,24.1,14,14,1,86,normal,2024-11-18 18:00:00
773,Refrigerador,1,hielo_puerta_mala,8,30.0,10,10,1,77,normal,2025-02-02 07:00:00
774,Enfriador Comercial,4,cristales_resist_si,7,25.7,16,16,1,85,tecnico,2024-08-03 12:00:00
775,Congelador,2,comp_no,3,27.2,4,4,1,80,tecnico,2024-05-13 07:00:00
776,Enfriador Comercial,4,cristales_resist_no,3,23.9,16,16,1,96,tecnico,2025-01-12 16:00:00
777,Refrigerador,1,compresor_no_clic_si,7,30.1,4,4,1,90,normal,2024-11-11 11:00:00
778,Congelador,2,comp_no,0,30.1,4,4,1,80,normal,2024-10-29 18:00:00
779,Aire Acondicionado,3,ruido_interior,5,32.2,18,18,1,92,normal,2024-09-27 20:00:00
780,Refrigerador,1,compresor_no_voltaje_si,18,35.2,3,18,0,89,tecnico,2024-03-19 20:00:00
781,Enfriador Comercial,4,cristales_resist_si,11,29.3,16,16,1,85,normal,2025-01-10 20:00:00
782,Congelador,2,comp_func_temp_0_10,9,33.3,1,1,1,76,normal,2024-07-23 14:00:00
783,Congelador,2,hielo_evaporador,10,29.1,11,11,1,74,tecnico,2024-08-30 11:00:00
784,Aire Acondicionado,3,ruido_exterior,13,24.1,3,18,0,89,tecnico,2024-08-17 13:00:00
785,Congelador,2,hielo_bordes,9,37.6,10,10,1,74,tecnico,2024-08-09 16:00:00
786,Congelador,2,comp_no,4,31.3,4,8,0,80,normal,2024-07-19 14:00:00
787,Aire Acondicionado,3,codigo_error,11,23.0,12,4,0,81,normal,2024-12-10 07:00:00
788,Refrigerador,1,escarcha_mucha_ventilador_si,6,28.2,5,5,1,88,normal,2024-06-28 10:00:00
789,Congelador,2,comp_no,3,30.7,4,3,0,80,tecnico,2024-11-22 08:00:00
790,Refrigerador,1,escarcha_mucha_ventilador_no,12,29.3,6,6,1,73,normal,2024-11-27 16:00:00
791,Aire Acondicionado,3,filtros_limpios_presion_normal,9,28.9,3,18,0,88,normal,2024-05-21 19:00:00
792,Enfriador Comercial,4,puertas_mal,14,33.5,10,10,1,95,normal,2024-03-23 19:00:00
793,Refrigerador,1,compresor_no_clic_si,11,26.3,4,4,1,90,tecnico,2024-05-15 09:00:00
794,Enfriador Comercial,4,comp_func_cond_limpio,7,31.4,1,16,0,87,normal,2024-09-08 08:00:00
795,Aire Acondicionado,3,ruido_exterior,11,30.1,3,18,0,89,normal,2024-01-18 08:00:00
796,Refrigerador,1,ruido_burbujeo,10,34.6,1,2,0,73,tecnico,2024-03-17 17:00:00
797,Refrigerador,1,escarcha_mucha_ventilador_si,9,28.4,5,18,0,88,normal,2024-12-28 19:00:00
798,Enfriador Comercial,4,cristales_resist_si,6,35.2,16,16,1,85,tecnico,2024-02-05 15:00:00
799,Aire Acondicionado,3,filtros_limpios_presion_baja,5,26.4,1,1,1,77,normal,2024-07-02 12:00:00
800,Congelador,2,hielo_evaporador,1,22.5,11,1,0,74,normal,2024-06-23 08:00:00
801,Enfriador Comercial,4,comp_no_ec,9,29.5,3,3,1,90,normal,2024-12-22 13:00:00
802,Refrigerador,1,hielo_puerta_mala,9,30.0,10,10,1,77,tecnico,2024-08-12 18:00:00
803,Aire Acondicionado,3,filtros_sucios,0,42.2,13,13,1,97,normal,2024-10-03 17:00:00
804,Congelador,2,hielo_evaporador,7,31.1,11,8,0,74,tecnico,2024-01-09 07:00:00
805,Congelador,2,comp_func_temp_0_10,5,28.3,1,1,1,76,normal,2024-09-24 14:00:00
806,Cuarto Frio,5,trabaja_sin_parar_filt_no,10,25.0,1,1,1,93,normal,2025-01-11 09:00:00
807,Enfriador Comercial,4,puertas_mal,0,33.6,10,10,1,95,normal,2024-01-08 09:00:00
808,Refrigerador,1,compresor_no_clic_si,12,25.9,4,4,1,90,normal,2024-10-29 08:00:00
809,Refrigerador,1,escarcha_mucha_ventilador_no,7,29.9,6,10,0,73,normal,2025-01-12 17:00:00
810,Enfriador Comercial,4,comp_no_ec,2,26.3,3,3,1,90,normal,2024-06-13 20:00:00
811,Aire Acondicionado,3,filtros_limpios_presion_baja,8,28.0,1,1,1,77,normal,2024-12-22 12:00:00
812,Cuarto Frio,5,trabaja_sin_parar_filt_no,6,30.7,1,1,1,93,normal,2024-02-21 19:00:00
813,Cuarto Frio,5,cicla_hielo_no,11,33.6,1,8,0,94,normal,2024-02-15 18:00:00
814,Cuarto Frio,5,cicla_hielo_si,6,29.5,11,11,1,87,tecnico,2024-12-20 09:00:00
815,Aire Acondicionado,3,filtros_sucios,9,24.9,13,13,1,97,normal,2024-01-20 16:00:00
816,Aire Acondicionado,3,ruido_interior,8,28.4,18,18,1,92,tecnico,2024-06-03 12:00:00
817,Enfriador Comercial,4,comp_func_cond_limpio,7,33.2,1,1,1,87,tecnico,2024-10-03 15:00:00
818,Aire Acondicionado,3,ruido_interior,11,40.0,18,18,1,92,normal,2024-04-09 08:00:00
819,Aire Acondicionado,3,ruido_interior,7,33.9,18,18,1,92,normal,2024-04-17 13:00:00
820,Congelador,2,comp_no,8,36.6,4,10,0,80,normal,2025-01-14 07:00:00
821,Cuarto Frio,5,trabaja_sin_parar_filt_no,2,33.7,1,1,1,93,normal,2024-08-15 16:00:00
822,Cuarto Frio,5,cicla_hielo_si,6,29.9,11,11,1,87,tecnico,2024-04-27 19:00:00
823,Refrigerador,1,compresor_no_voltaje_si,4,29.3,3,3,1,89,tecnico,2024-02-07 14:00:00
824,Cuarto Frio,5,cicla_hielo_no,1,33.1,1,8,0,94,normal,2024-11-08 14:00:00
825,Aire Acondicionado,3,gotea_nueva,5,26.5,9,9,1,72,normal,2024-06-20 09:00:00
826,Refrigerador,1,hielo_puerta_bien,8,29.7,11,11,1,85,normal,2024-08-26 14:00:00
827,Enfriador Comercial,4,comp_func_cond_sucio,10,29.6,8,8,1,92,tecnico,2024-11-09 09:00:00
828,Cuarto Frio,5,consumo_alto_cf,12,32.3,8,8,1,86,tecnico,2024-09-07 20:00:00
829,Aire Acondicionado,3,codigo_error,6,28.3,12,12,1,81,tecnico,2024-05-06 12:00:00
830,Enfriador Comercial,4,cristales_resist_no,3,29.2,16,16,1,96,tecnico,2024-10-20 07:00:00
831,Enfriador Comercial,4,comp_func_cond_limpio,0,22.3,1,1,1,87,normal,2024-09-02 19:00:00
832,Refrigerador,1,ruido_vibracion,7,30.3,3,3,1,74,tecnico,2024-12-20 18:00:00
833,Enfriador Comercial,4,comp_func_cond_sucio,2,27.4,8,8,1,92,normal,2024-06-05 09:00:00
834,Enfriador Comercial,4,cristales_resist_no,10,34.5,16,16,1,96,normal,2025-01-30 09:00:00
835,Enfriador Comercial,4,comp_func_cond_sucio,11,25.9,8,8,1,92,tecnico,2024-02-06 13:00:00
836,Congelador,2,hielo_bordes,0,32.2,10,10,1,74,normal,2024-11-09 15:00:00
837,Cuarto Frio,5,trabaja_sin_parar_filt_no,11,36.2,1,1,1,93,normal,2024-12-11 12:00:00
838,Refrigerador,1,escarcha_mucha_ventilador_no,5,33.0,6,6,1,73,normal,2024-07-06 09:00:00
839,Cuarto Frio,5,alarmas,1,28.3,15,8,0,90,normal,2024-11-28 14:00:00
840,Cuarto Frio,5,alarmas,3,26.4,15,15,1,90,normal,2024-06-29 11:00:00
841,Cuarto Frio,5,alarmas,6,32.6,15,15,1,90,normal,2024-03-03 14:00:00
842,Cuarto Frio,5,alarmas,12,30.3,15,15,1,90,normal,2024-07-07 19:00:00
843,Refrigerador,1,escarcha_poca_burbujeo_no,13,27.4,2,2,1,78,tecnico,2024-02-25 09:00:00
844,Congelador,2,comp_func_temp_0_10,9,29.4,1,1,1,76,tecnico,2024-09-23 17:00:00
845,Refrigerador,1,compresor_no_clic_si,6,25.2,4,4,1,90,normal,2025-01-12 17:00:00
846,Refrigerador,1,compresor_no_clic_si,3,20.6,4,4,1,90,tecnico,2024-09-23 17:00:00
847,Congelador,2,hielo_evaporador,8,25.1,11,11,1,74,normal,2024-09-28 20:00:00
848,Cuarto Frio,5,cicla_hielo_no,6,23.2,1,1,1,94,tecnico,2024-06-05 09:00:00
849,Congelador,2,comp_func_temp_mayor_0,7,35.7,3,3,1,96,normal,2024-08-21 09:00:00
850,Cuarto Frio,5,trabaja_sin_parar_filt_no,10,27.7,1,1,1,93,tecnico,2024-12-28 18:00:00
851,Aire Acondicionado,3,filtros_sucios,4,32.4,13,13,1,97,normal,2024-04-04 10:00:00
852,Cuarto Frio,5,alarmas,0,29.9,15,15,1,90,normal,2024-07-09 14:00:00
853,Cuarto Frio,5,trabaja_sin_parar_filt_no,7,29.6,1,11,0,93,tecnico,2024-06-12 09:00:00
854,Refrigerador,1,hielo_puerta_bien,7,29.6,11,11,1,85,normal,2024-05-31 14:00:00
855,Congelador,2,hielo_bordes,9,31.0,10,4,0,74,normal,2025-01-09 14:00:00
856,Refrigerador,1,escarcha_poca_burbujeo_si,9,22.9,1,1,1,79,normal,2024-11-12 20:00:00
857,Aire Acondicionado,3,ruido_interior,5,26.5,18,18,1,92,normal,2025-02-04 19:00:00
858,Congelador,2,comp_func_temp_mayor_0,0,33.9,3,3,1,96,normal,2024-12-09 08:00:00
859,Cuarto Frio,5,cicla_hielo_no,3,26.7,1,14,0,94,normal,2025-01-01 20:00:00
860,Enfriador Comercial,4,comp_no_ec,5,34.0,3,3,1,90,normal,2024-06-06 14:00:00
861,Cuarto Frio,5,trabaja_sin_parar_filt_si,3,34.0,14,14,1,86,normal,2024-03-24 19:00:00
862,Enfriador Comercial,4,puertas_mal,13,24.7,10,10,1,95,normal,2024-02-14 09:00:00
863,Aire Acondicionado,3,exterior_no_control_no,6,36.9,12,12,1,87,tecnico,2025-01-22 13:00:00
864,Refrigerador,1,escarcha_mucha_ventilador_si,6,20.3,5,10,0,88,normal,2024-08-24 18:00:00
865,Cuarto Frio,5,trabaja_sin_parar_filt_no,3,30.6,1,1,1,93,tecnico,2024-06-03 20:00:00
866,Cuarto Frio,5,cicla_hielo_si,7,26.1,11,11,1,87,normal,2024-01-02 09:00:00
867,Congelador,2,comp_no,16,31.3,4,4,1,80,tecnico,2024-08-01 09:00:00
868,Enfriador Comercial,4,puertas_mal,9,25.1,10,10,1,95,tecnico,2024-09-09 08:00:00
869,Cuarto Frio,5,alarmas,5,24.8,15,15,1,90,normal,2024-12-21 20:00:00
870,Refrigerador,1,compresor_no_voltaje_si,7,29.5,3,3,1,89,tecnico,2024-03-24 16:00:00
871,Refrigerador,1,escarcha_poca_burbujeo_si,5,30.6,1,1,1,79,normal,2024-08-02 17:00:00
872,Congelador,2,comp_func_temp_0_10,4,27.5,1,1,1,76,tecnico,2024-09-20 10:00:00
873,Aire Acondicionado,3,filtros_limpios_presion_normal,8,30.8,3,3,1,88,tecnico,2024-06-03 11:00:00
874,Congelador,2,comp_func_temp_0_10,7,32.1,1,1,1,76,normal,2024-03-11 15:00:00
875,Congelador,2,comp_no,11,21.3,4,4,1,80,normal,2024-09-14 10:00:00
876,Aire Acondicionado,3,ruido_exterior,8,33.7,3,3,1,89,normal,2024-09-29 18:00:00
877,Cuarto Frio,5,alarmas,10,32.4,15,15,1,90,tecnico,2024-01-09 14:00:00
878,Congelador,2,comp_no,9,31.9,4,4,1,80,normal,2024-11-01 15:00:00
879,Congelador,2,comp_func_temp_mayor_0,10,36.2,3,3,1,96,tecnico,2024-03-13 18:00:00
880,Aire Acondicionado,3,exterior_no_control_no,2,30.3,12,12,1,87,normal,2024-12-19 19:00:00
881,Refrigerador,1,escarcha_mucha_ventilador_no,0,24.8,6,6,1,73,normal,2024-12-03 15:00:00
882,Cuarto Frio,5,trabaja_sin_parar_filt_si,6,29.4,14,1,0,86,normal,2024-12-07 07:00:00
883,Refrigerador,1,gotea,2,24.7,9,9,1,89,normal,2024-01-15 08:00:00
884,Aire Acondicionado,3,exterior_no_control_no,15,25.8,12,12,1,87,normal,2024-09-13 19:00:00
885,Cuarto Frio,5,trabaja_sin_parar_filt_no,7,35.7,1,1,1,93,normal,2025-01-01 10:00:00
886,Congelador,2,comp_func_temp_mayor_0,14,32.1,3,3,1,96,tecnico,2024-02-20 10:00:00
887,Cuarto Frio,5,alarmas,6,28.2,15,15,1,90,normal,2024-06-30 13:00:00
888,Enfriador Comercial,4,comp_func_cond_sucio,7,26.6,8,8,1,92,tecnico,2024-06-09 08:00:00
889,Enfriador Comercial,4,comp_func_cond_limpio,7,25.2,1,1,1,87,tecnico,2024-02-12 12:00:00
890,Enfriador Comercial,4,comp_func_cond_limpio,5,29.1,1,1,1,87,tecnico,2024-12-17 20:00:00
891,Enfriador Comercial,4,comp_func_cond_sucio,7,27.0,8,8,1,92,normal,2024-08-31 17:00:00
892,Congelador,2,comp_func_temp_mayor_0,0,36.6,3,3,1,96,normal,2024-07-21 14:00:00
893,Cuarto Frio,5,alarmas,9,31.9,15,15,1,90,tecnico,2025-01-14 09:00:00
894,Refrigerador,1,compresor_no_voltaje_si,17,31.7,3,3,1,89,normal,2024-07-25 08:00:00
895,Aire Acondicionado,3,gotea_nueva,10,27.9,9,9,1,72,normal,2024-11-25 13:00:00
896,Congelador,2,hielo_evaporador,9,35.2,11,8,0,74,normal,2024-03-16 19:00:00
897,Enfriador Comercial,4,comp_func_cond_limpio,2,26.1,1,3,0,87,normal,2024-01-28 20:00:00
898,Refrigerador,1,ruido_vibracion,9,29.2,3,10,0,74,normal,2024-06-16 09:00:00
899,Congelador,2,hielo_bordes,8,29.4,10,10,1,74,normal,2024-08-26 10:00:00
900,Congelador,2,consumo_alto,7,23.1,8,8,1,93,normal,2024-10-03 15:00:00
901,Refrigerador,1,gotea,0,21.0,9,9,1,89,normal,2024-07-11 14:00:00
902,Enfriador Comercial,4,comp_func_cond_limpio,0,32.8,1,1,1,87,tecnico,2024-06-04 18:00:00
903,Aire Acondicionado,3,ruido_interior,6,27.5,18,18,1,92,normal,2024-09-08 17:00:00
904,Cuarto Frio,5,alarmas,7,32.7,15,15,1,90,normal,2024-03-21 15:00:00
905,Refrigerador,1,compresor_no_voltaje_no,4,25.7,17,17,1,94,tecnico,2024-05-25 12:00:00
906,Refrigerador,1,escarcha_mucha_ventilador_si,8,26.9,5,5,1,88,normal,2025-01-14 16:00:00
907,Refrigerador,1,gotea,13,28.0,9,9,1,89,normal,2024-06-28 07:00:00
908,Aire Acondicionado,3,exterior_no_control_si,4,30.5,4,4,1,78,normal,2024-12-18 08:00:00
909,Congelador,2,comp_func_temp_0_10,5,32.5,1,1,1,76,tecnico,2024-10-17 15:00:00
910,Enfriador Comercial,4,comp_no_ec,0,29.4,3,3,1,90,normal,2024-06-11 13:00:00
911,Cuarto Frio,5,cicla_hielo_no,5,32.8,1,1,1,94,normal,2024-09-11 15:00:00
912,Congelador,2,comp_func_temp_mayor_0,8,31.7,3,3,1,96,normal,2024-09-11 17:00:00
913,Refrigerador,1,ruido_zumbido,3,28.7,18,18,1,83,tecnico,2024-11-15 18:00:00
914,Refrigerador,1,hielo_puerta_bien,12,32.3,11,11,1,85,normal,2024-02-04 16:00:00
915,Cuarto Frio,5,cicla_hielo_no,6,28.1,1,1,1,94,normal,2024-06-02 13:00:00
916,Cuarto Frio,5,cicla_hielo_si,3,30.3,11,11,1,87,normal,2024-08-20 17:00:00
917,Cuarto Frio,5,trabaja_sin_parar_filt_no,13,25.7,1,3,0,93,normal,2024-12-04 20:00:00
918,Enfriador Comercial,4,comp_no_ec,15,25.5,3,3,1,90,normal,2025-01-28 13:00:00
919,Cuarto Frio,5,alarmas,8,25.2,15,15,1,90,normal,2024-12-16 19:00:00
920,Congelador,2,hielo_evaporador,6,28.5,11,1,0,74,normal,2024-07-30 11:00:00
921,Congelador,2,consumo_alto,3,27.9,8,8,1,93,normal,2024-01-15 10:00:00
922,Congelador,2,hielo_evaporador,7,26.3,11,8,0,74,normal,2024-01-19 10:00:00
923,Aire Acondicionado,3,exterior_no_control_no,2,28.6,12,12,1,87,normal,2024-01-22 18:00:00
924,Enfriador Comercial,4,comp_func_cond_limpio,1,36.2,1,1,1,87,normal,2024-02-02 13:00:00
925,Congelador,2,consumo_alto,9,37.1,8,8,1,93,normal,2024-02-27 16:00:00
926,Cuarto Frio,5,trabaja_sin_parar_filt_si,7,34.1,14,14,1,86,tecnico,2024-09-25 11:00:00
927,Enfriador Comercial,4,comp_func_cond_limpio,4,34.2,1,8,0,87,normal,2024-07-18 19:00:00
928,Aire Acondicionado,3,gotea_nueva,3,34.0,9,9,1,72,normal,2024-05-20 14:00:00
929,Enfriador Comercial,4,comp_no_ec,12,33.6,3,3,1,90,normal,2024-10-06 13:00:00
930,Enfriador Comercial,4,puertas_mal,4,30.7,10,10,1,95,tecnico,2024-03-15 12:00:00
931,Enfriador Comercial,4,puertas_mal,5,26.9,10,10,1,95,normal,2025-01-13 17:00:00
932,Refrigerador,1,hielo_puerta_bien,14,34.4,11,11,1,85,normal,2024-07-15 11:00:00
933,Congelador,2,consumo_alto,2,34.3,8,8,1,93,tecnico,2024-07-20 11:00:00
934,Congelador,2,comp_func_temp_0_10,15,23.1,1,1,1,76,normal,2024-03-23 14:00:00
935,Congelador,2,consumo_alto,6,36.8,8,8,1,93,tecnico,2024-08-29 18:00:00
936,Enfriador Comercial,4,comp_no_ec,10,30.7,3,3,1,90,tecnico,2024-03-23 18:00:00
937,Congelador,2,hielo_bordes,1,23.3,10,10,1,74,normal,2024-12-21 07:00:00
938,Refrigerador,1,hielo_puerta_mala,9,32.1,10,10,1,77,tecnico,2024-03-10 07:00:00
939,Enfriador Comercial,4,comp_func_cond_sucio,8,28.4,8,8,1,92,normal,2025-01-28 20:00:00
940,Aire Acondicionado,3,codigo_error,9,30.5,12,12,1,81,normal,2024-09-01 20:00:00
941,Aire Acondicionado,3,exterior_no_control_no,3,26.0,12,12,1,87,normal,2024-07-07 09:00:00
942,Enfriador Comercial,4,cristales_resist_si,15,27.0,16,3,0,85,normal,2024-01-12 15:00:00
943,Cuarto Frio,5,alarmas,4,32.8,15,15,1,90,tecnico,2024-01-26 13:00:00
944,Cuarto Frio,5,cicla_hielo_no,8,31.4,1,1,1,94,tecnico,2024-03-28 16:00:00
945,Refrigerador,1,escarcha_mucha_ventilador_si,10,20.7,5,5,1,88,normal,2024-03-01 10:00:00
946,Aire Acondicionado,3,exterior_no_control_si,15,32.6,4,9,0,78,normal,2024-09-10 13:00:00
947,Aire Acondicionado,3,gotea_nueva,12,18.4,9,9,1,72,normal,2024-08-02 09:00:00
948,Enfriador Comercial,4,comp_func_cond_sucio,0,21.3,8,3,0,92,normal,2024-05-07 12:00:00
949,Cuarto Frio,5,alarmas,9,32.9,15,15,1,90,tecnico,2024-07-22 17:00:00
950,Aire Acondicionado,3,gotea_nueva,10,31.3,9,4,0,72,normal,2024-10-12 07:00:00
951,Refrigerador,1,compresor_no_voltaje_si,14,25.3,3,3,1,89,normal,2024-11-02 18:00:00
952,Refrigerador,1,escarcha_mucha_ventilador_si,4,29.7,5,5,1,88,normal,2024-07-21 17:00:00
953,Congelador,2,comp_func_temp_mayor_0,16,24.1,3,3,1,96,normal,2024-06-22 14:00:00
954,Aire Acondicionado,3,filtros_limpios_presion_normal,5,27.1,3,3,1,88,normal,2024-02-29 12:00:00
955,Refrigerador,1,escarcha_poca_burbujeo_si,7,32.2,1,1,1,79,normal,2024-05-14 16:00:00
956,Congelador,2,hielo_bordes,5,28.5,10,4,0,74,tecnico,2024-09-08 19:00:00
957,Aire Acondicionado,3,ruido_exterior,12,25.1,3,18,0,89,normal,2024-04-27 09:00:00
958,Refrigerador,1,ruido_vibracion,4,23.0,3,3,1,74,normal,2024-09-10 07:00:00
959,Enfriador Comercial,4,comp_no_ec,19,24.9,3,3,1,90,tecnico,2024-03-16 08:00:00
960,Congelador,2,comp_func_temp_0_10,3,27.3,1,1,1,76,tecnico,2025-01-18 15:00:00
961,Congelador,2,hielo_bordes,13,24.5,10,11,0,74,tecnico,2024-04-02 13:00:00
962,Refrigerador,1,escarcha_poca_burbujeo_no,11,26.3,2,2,1,78,tecnico,2024-01-14 11:00:00
963,Refrigerador,1,compresor_no_voltaje_no,5,30.7,17,17,1,94,normal,2024-08-23 20:00:00
964,Enfriador Comercial,4,cristales_resist_si,8,28.2,16,16,1,85,normal,2024-06-17 07:00:00
965,Cuarto Frio,5,cicla_hielo_no,5,28.2,1,11,0,94,normal,2024-01-25 19:00:00
966,Congelador,2,comp_no,11,22.5,4,4,1,80,normal,2024-11-04 13:00:00
967,Refrigerador,1,compresor_no_voltaje_no,4,29.4,17,17,1,94,normal,2024-04-16 09:00:00
968,Enfriador Comercial,4,cristales_resist_si,4,35.9,16,16,1,85,normal,2024-03-02 11:00:00
969,Enfriador Comercial,4,cristales_resist_si,10,36.6,16,16,1,85,normal,2024-02-19 20:00:00
970,Congelador,2,hielo_bordes,3,24.9,10,10,1,74,normal,2024-05-17 16:00:00
971,Cuarto Frio,5,cicla_hielo_no,1,25.6,1,1,1,94,normal,2024-02-17 07:00:00
972,Cuarto Frio,5,cicla_hielo_si,17,30.8,11,11,1,87,normal,2024-12-31 09:00:00
973,Enfriador Comercial,4,cristales_resist_no,8,25.7,16,16,1,96,tecnico,2024-09-01 11:00:00
974,Aire Acondicionado,3,filtros_sucios,9,28.5,13,13,1,97,normal,2024-08-06 11:00:00
975,Cuarto Frio,5,trabaja_sin_parar_filt_si,7,33.2,14,14,1,86,normal,2024-08-25 17:00:00
976,Cuarto Frio,5,cicla_hielo_si,5,26.6,11,11,1,87,tecnico,2024-01-09 08:00:00
977,Enfriador Comercial,4,comp_func_cond_sucio,11,29.7,8,8,1,92,tecnico,2024-06-09 16:00:00
978,Enfriador Comercial,4,puertas_mal,6,28.0,10,10,1,95,normal,2024-04-05 10:00:00
979,Aire Acondicionado,3,filtros_limpios_presion_normal,10,22.6,3,3,1,88,normal,2024-01-03 13:00:00
980,Refrigerador,1,escarcha_mucha_ventilador_si,3,24.1,5,5,1,88,normal,2024-12-02 18:00:00
981,Cuarto Frio,5,alarmas,7,21.1,15,15,1,90,normal,2024-12-19 17:00:00
982,Enfriador Comercial,4,comp_no_ec,1,21.7,3,3,1,90,normal,2024-01-09 18:00:00
983,Aire Acondicionado,3,filtros_limpios_presion_baja,3,25.6,1,1,1,77,normal,2024-10-02 10:00:00
984,Refrigerador,1,compresor_no_clic_si,11,24.3,4,4,1,90,normal,2024-02-29 09:00:00
985,Aire Acondicionado,3,ruido_interior,16,21.2,18,18,1,92,normal,2024-10-18 20:00:00
986,Enfriador Comercial,4,comp_func_cond_limpio,5,30.4,1,1,1,87,tecnico,2024-08-09 13:00:00
987,Enfriador Comercial,4,puertas_mal,8,27.2,10,10,1,95,normal,2024-09-19 16:00:00
988,Cuarto Frio,5,alarmas,14,14.2,15,15,1,90,normal,2024-02-01 15:00:00
989,Refrigerador,1,compresor_no_voltaje_no,8,26.0,17,17,1,94,tecnico,2024-02-29 14:00:00
990,Cuarto Frio,5,alarmas,5,28.0,15,15,1,90,normal,2024-05-27 18:00:00
991,Aire Acondicionado,3,ruido_interior,5,29.3,18,18,1,92,normal,2024-11-04 20:00:00
992,Enfriador Comercial,4,comp_func_cond_sucio,13,31.8,8,8,1,92,normal,2024-08-01 20:00:00
993,Congelador,2,hielo_evaporador,11,32.1,11,11,1,74,tecnico,2024-12-07 14:00:00
994,Aire Acondicionado,3,filtros_sucios,3,24.4,13,13,1,97,normal,2024-07-31 14:00:00
995,Congelador,2,comp_func_temp_mayor_0,3,29.7,3,3,1,96,normal,2024-03-22 09:00:00
996,Cuarto Frio,5,trabaja_sin_parar_filt_si,11,29.2,14,14,1,86,normal,2024-04-26 08:00:00
997,Cuarto Frio,5,trabaja_sin_parar_filt_no,7,36.0,1,1,1,93,tecnico,2024-10-12 11:00:00
998,Aire Acondicionado,3,ruido_exterior,8,28.7,3,3,1,89,normal,2024-08-12 19:00:00
999,Enfriador Comercial,4,comp_func_cond_limpio,17,30.1,1,1,1,87,normal,2024-10-14 07:00:00
1000,Cuarto Frio,5,trabaja_sin_parar_filt_si,3,23.6,14,14,1,86,normal,2024-07-04 09:00:00
1001,Congelador,2,consumo_alto,6,22.5,8,8,1,93,normal,2024-06-20 20:00:00
1002,Aire Acondicionado,3,filtros_limpios_presion_normal,12,28.8,3,3,1,88,normal,2025-01-28 07:00:00
1003,Aire Acondicionado,3,ruido_interior,5,27.3,18,18,1,92,tecnico,2024-07-03 17:00:00
1004,Aire Acondicionado,3,filtros_sucios,10,28.9,13,13,1,97,tecnico,2024-03-11 19:00:00
1005,Enfriador Comercial,4,cristales_resist_si,14,36.9,16,16,1,85,normal,2024-01-16 14:00:00
1006,Aire Acondicionado,3,filtros_limpios_presion_baja,10,23.1,1,1,1,77,normal,2024-06-22 12:00:00
1007,Enfriador Comercial,4,comp_func_cond_sucio,6,28.1,8,3,0,92,tecnico,2024-01-30 17:00:00
1008,Cuarto Frio,5,cicla_hielo_si,6,29.7,11,14,0,87,tecnico,2024-06-09 12:00:00
1009,Refrigerador,1,compresor_no_clic_si,13,27.3,4,4,1,90,normal,2024-10-05 16:00:00
1010,Cuarto Frio,5,alarmas,6,27.6,15,15,1,90,tecnico,2024-11-28 13:00:00
1011,Aire Acondicionado,3,exterior_no_control_no,1,25.1,12,12,1,87,tecnico,2024-09-23 15:00:00
1012,Congelador,2,comp_func_temp_mayor_0,1,28.1,3,3,1,96,normal,2025-01-22 17:00:00
1013,Aire Acondicionado,3,filtros_limpios_presion_baja,0,30.5,1,1,1,77,tecnico,2025-01-06 13:00:00
1014,Cuarto Frio,5,trabaja_sin_parar_filt_si,10,23.9,14,14,1,86,normal,2024-09-16 12:00:00
1015,Refrigerador,1,escarcha_mucha_ventilador_si,10,33.1,5,5,1,88,normal,2024-06-22 10:00:00
1016,Cuarto Frio,5,consumo_alto_cf,10,27.4,8,11,0,86,normal,2024-05-25 17:00:00
1017,Cuarto Frio,5,alarmas,2,24.3,15,15,1,90,normal,2024-04-08 20:00:00
1018,Congelador,2,hielo_evaporador,1,33.5,11,11,1,74,tecnico,2024-02-11 08:00:00
1019,Refrigerador,1,compresor_no_voltaje_no,13,24.7,17,17,1,94,normal,2024-10-28 15:00:00
1020,Cuarto Frio,5,cicla_hielo_no,13,29.6,1,1,1,94,normal,2024-08-13 18:00:00
1021,Enfriador Comercial,4,puertas_mal,17,30.0,10,10,1,95,tecnico,2024-03-07 18:00:00
1022,Cuarto Frio,5,consumo_alto_cf,2,27.0,8,8,1,86,normal,2025-01-17 09:00:00
1023,Cuarto Frio,5,cicla_hielo_si,14,34.7,11,11,1,87,normal,2024-05-28 07:00:00
1024,Cuarto Frio,5,trabaja_sin_parar_filt_no,2,34.3,1,1,1,93,normal,2024-05-30 14:00:00
1025,Refrigerador,1,gotea,2,29.9,9,5,0,89,tecnico,2024-04-20 09:00:00
1026,Enfriador Comercial,4,comp_func_cond_limpio,2,24.9,1,1,1,87,tecnico,2024-08-01 14:00:00
1027,Cuarto Frio,5,cicla_hielo_si,8,34.7,11,11,1,87,tecnico,2024-11-06 09:00:00
1028,Aire Acondicionado,3,ruido_exterior,9,24.9,3,3,1,89,normal,2024-03-17 20:00:00
1029,Congelador,2,comp_func_temp_0_10,11,26.9,1,1,1,76,normal,2024-10-03 07:00:00
1030,Enfriador Comercial,4,puertas_mal,4,25.5,10,10,1,95,normal,2024-01-13 16:00:00
1031,Congelador,2,hielo_bordes,9,28.0,10,11,0,74,normal,2024-01-28 16:00:00
1032,Cuarto Frio,5,trabaja_sin_parar_filt_no,10,27.7,1,1,1,93,normal,2024-12-03 15:00:00
1033,Aire Acondicionado,3,filtros_limpios_presion_baja,4,31.1,1,13,0,77,normal,2024-09-30 16:00:00
1034,Congelador,2,hielo_evaporador,8,36.2,11,11,1,74,tecnico,2024-06-23 13:00:00
1035,Aire Acondicionado,3,gotea_nueva,0,25.1,9,9,1,72,tecnico,2024-10-04 09:00:00
1036,Congelador,2,comp_func_temp_mayor_0,3,28.3,3,3,1,96,normal,2024-07-27 17:00:00
1037,Aire Acondicionado,3,filtros_limpios_presion_baja,8,28.6,1,1,1,77,normal,2024-06-12 09:00:00
1038,Enfriador Comercial,4,comp_no_ec,4,29.8,3,1,0,90,normal,2024-05-02 19:00:00
1039,Cuarto Frio,5,consumo_alto_cf,4,24.3,8,14,0,86,normal,2024-08-25 15:00:00
1040,Enfriador Comercial,4,comp_func_cond_limpio,7,28.7,1,1,1,87,normal,2024-01-10 11:00:00
1041,Cuarto Frio,5,consumo_alto_cf,9,29.1,8,8,1,86,normal,2024-07-27 14:00:00
1042,Refrigerador,1,hielo_puerta_mala,7,34.1,10,3,0,77,normal,2024-03-27 19:00:00
1043,Aire Acondicionado,3,ruido_exterior,15,33.9,3,18,0,89,tecnico,2024-11-13 11:00:00
1044,Aire Acondicionado,3,filtros_limpios_presion_baja,1,27.8,1,9,0,77,normal,2024-12-14 13:00:00
1045,Congelador,2,consumo_alto,3,30.8,8,8,1,93,normal,2024-02-05 11:00:00
1046,Refrigerador,1,compresor_no_voltaje_no,9,26.3,17,17,1,94,tecnico,2024-05-23 13:00:00
1047,Aire Acondicionado,3,codigo_error,7,31.7,12,18,0,81,normal,2025-01-20 18:00:00
1048,Enfriador Comercial,4,comp_no_ec,4,21.1,3,10,0,90,normal,2024-11-02 12:00:00
1049,Refrigerador,1,hielo_puerta_bien,2,33.8,11,11,1,85,normal,2024-03-29 13:00:00
1050,Cuarto Frio,5,alarmas,9,26.4,15,15,1,90,normal,2024-11-28 17:00:00
1051,Refrigerador,1,ruido_zumbido,0,31.9,18,18,1,83,normal,2024-07-11 20:00:00
1052,Cuarto Frio,5,cicla_hielo_si,6,23.8,11,11,1,87,tecnico,2024-01-05 08:00:00
1053,Enfriador Comercial,4,comp_no_ec,15,26.3,3,3,1,90,normal,2024-12-29 12:00:00
1054,Aire Acondicionado,3,filtros_limpios_presion_normal,11,30.0,3,3,1,88,tecnico,2024-04-23 10:00:00
1055,Enfriador Comercial,4,comp_no_ec,0,22.8,3,3,1,90,normal,2024-11-22 13:00:00
1056,Refrigerador,1,compresor_no_clic_si,8,29.3,4,4,1,90,normal,2024-12-03 18:00:00
1057,Cuarto Frio,5,alarmas,9,27.7,15,15,1,90,normal,2024-05-12 16:00:00
1058,Aire Acondicionado,3,ruido_exterior,10,28.4,3,3,1,89,tecnico,2024-01-12 18:00:00
1059,Cuarto Frio,5,consumo_alto_cf,4,24.9,8,1,0,86,tecnico,2024-06-14 13:00:00
1060,Enfriador Comercial,4,comp_no_ec,2,27.4,3,3,1,90,normal,2024-09-21 19:00:00
1061,Refrigerador,1,hielo_puerta_bien,3,28.3,11,11,1,85,normal,2024-04-09 12:00:00
1062,Refrigerador,1,ruido_burbujeo,11,33.1,1,5,0,73,tecnico,2024-08-04 08:00:00
1063,Aire Acondicionado,3,exterior_no_control_si,3,26.9,4,4,1,78,normal,2024-01-13 16:00:00
1064,Congelador,2,comp_no,4,34.2,4,4,1,80,tecnico,2024-01-28 20:00:00
1065,Congelador,2,hielo_bordes,11,35.5,10,10,1,74,tecnico,2024-11-16 14:00:00
1066,Cuarto Frio,5,trabaja_sin_parar_filt_si,1,26.6,14,14,1,86,normal,2024-06-09 20:00:00
1067,Refrigerador,1,gotea,2,32.8,9,9,1,89,normal,2024-02-03 08:00:00
1068,Refrigerador,1,ruido_zumbido,1,26.9,18,9,0,83,normal,2025-01-20 13:00:00
1069,Aire Acondicionado,3,codigo_error,11,25.9,12,12,1,81,normal,2024-11-13 16:00:00
1070,Refrigerador,1,compresor_no_voltaje_si,9,25.9,3,3,1,89,normal,2024-09-21 12:00:00
1071,Cuarto Frio,5,trabaja_sin_parar_filt_no,2,35.3,1,1,1,93,tecnico,2024-10-20 09:00:00
1072,Cuarto Frio,5,cicla_hielo_si,5,29.5,11,11,1,87,normal,2024-04-05 10:00:00
1073,Aire Acondicionado,3,filtros_limpios_presion_baja,1,27.4,1,9,0,77,normal,2024-10-04 19:00:00
1074,Aire Acondicionado,3,filtros_sucios,6,33.0,13,13,1,97,normal,2024-01-05 15:00:00
1075,Cuarto Frio,5,alarmas,9,33.5,15,15,1,90,tecnico,2024-08-04 12:00:00
1076,Aire Acondicionado,3,exterior_no_control_si,9,30.7,4,4,1,78,normal,2024-04-06 17:00:00
1077,Enfriador Comercial,4,puertas_mal,9,23.0,10,10,1,95,normal,2024-06-20 16:00:00
1078,Congelador,2,hielo_evaporador,5,30.2,11,11,1,74,tecnico,2024-01-22 14:00:00
1079,Aire Acondicionado,3,filtros_limpios_presion_baja,9,27.4,1,1,1,77,normal,2025-01-28 20:00:00
1080,Congelador,2,consumo_alto,5,24.8,8,8,1,93,tecnico,2024-01-04 12:00:00
1081,Refrigerador,1,escarcha_mucha_ventilador_no,5,26.9,6,6,1,73,normal,2025-01-26 12:00:00
1082,Refrigerador,1,escarcha_mucha_ventilador_si,3,28.3,5,5,1,88,normal,2024-05-14 18:00:00
1083,Aire Acondicionado,3,gotea_antigua,12,29.1,9,9,1,94,normal,2024-02-21 07:00:00
1084,Aire Acondicionado,3,gotea_nueva,9,31.6,9,4,0,72,tecnico,2024-06-05 14:00:00
1085,Aire Acondicionado,3,gotea_antigua,11,23.9,9,13,0,94,tecnico,2024-12-30 08:00:00
1086,Refrigerador,1,escarcha_poca_burbujeo_si,13,20.9,1,1,1,79,normal,2024-09-29 13:00:00
1087,Congelador,2,comp_no,8,32.0,4,4,1,80,normal,2024-04-06 20:00:00
1088,Cuarto Frio,5,cicla_hielo_si,11,28.6,11,11,1,87,normal,2024-05-23 20:00:00
1089,Aire Acondicionado,3,ruido_exterior,16,31.1,3,18,0,89,normal,2024-12-05 16:00:00
1090,Refrigerador,1,escarcha_poca_burbujeo_si,7,27.2,1,1,1,79,normal,2024-09-17 12:00:00
1091,Enfriador Comercial,4,cristales_resist_no,6,27.3,16,16,1,96,tecnico,2024-09-10 14:00:00
1092,Congelador,2,hielo_bordes,6,32.5,10,11,0,74,normal,2024-04-16 10:00:00
1093,Aire Acondicionado,3,ruido_interior,12,26.3,18,18,1,92,tecnico,2024-07-10 11:00:00
1094,Cuarto Frio,5,trabaja_sin_parar_filt_si,2,31.1,14,14,1,86,normal,2024-06-29 10:00:00
1095,Cuarto Frio,5,trabaja_sin_parar_filt_si,6,25.9,14,14,1,86,normal,2024-09-11 12:00:00
1096,Congelador,2,hielo_evaporador,0,26.1,11,11,1,74,normal,2024-02-08 12:00:00
1097,Refrigerador,1,compresor_no_clic_si,12,23.3,4,4,1,90,tecnico,2024-02-20 08:00:00
1098,Refrigerador,1,compresor_no_voltaje_si,0,28.5,3,3,1,89,normal,2024-06-17 11:00:00
1099,Congelador,2,consumo_alto,11,27.7,8,8,1,93,tecnico,2025-01-20 18:00:00
1100,Cuarto Frio,5,cicla_hielo_si,0,26.1,11,11,1,87,tecnico,2025-02-04 13:00:00
1101,Enfriador Comercial,4,cristales_resist_no,10,34.8,16,3,0,96,tecnico,2024-04-26 10:00:00
1102,Aire Acondicionado,3,ruido_interior,4,29.4,18,18,1,92,normal,2024-08-27 18:00:00
1103,Enfriador Comercial,4,comp_no_ec,11,28.0,3,3,1,90,normal,2024-04-17 14:00:00
1104,Enfriador Comercial,4,cristales_resist_no,0,31.4,16,16,1,96,tecnico,2024-06-05 18:00:00
1105,Refrigerador,1,ruido_vibracion,11,30.8,3,3,1,74,normal,2024-07-25 19:00:00
1106,Cuarto Frio,5,cicla_hielo_si,5,25.9,11,11,1,87,tecnico,2024-03-12 09:00:00
1107,Congelador,2,hielo_bordes,8,24.6,10,8,0,74,normal,2024-07-19 08:00:00
1108,Cuarto Frio,5,cicla_hielo_no,3,25.7,1,1,1,94,normal,2024-08-19 17:00:00
1109,Congelador,2,comp_func_temp_0_10,3,27.9,1,11,0,76,normal,2024-04-05 10:00:00
1110,Refrigerador,1,compresor_no_voltaje_no,4,26.8,17,17,1,94,normal,2024-02-05 14:00:00
1111,Refrigerador,1,compresor_no_voltaje_si,7,32.7,3,3,1,89,normal,2024-02-26 09:00:00
1112,Cuarto Frio,5,cicla_hielo_no,7,36.0,1,8,0,94,tecnico,2024-04-15 09:00:00
1113,Aire Acondicionado,3,exterior_no_control_no,6,27.9,12,12,1,87,tecnico,2024-10-27 10:00:00
1114,Cuarto Frio,5,alarmas,9,24.6,15,15,1,90,normal,2024-03-14 14:00:00
1115,Refrigerador,1,compresor_no_voltaje_no,8,29.1,17,17,1,94,normal,2024-08-24 16:00:00
1116,Refrigerador,1,hielo_puerta_bien,1,32.6,11,11,1,85,tecnico,2024-06-26 18:00:00
1117,Congelador,2,hielo_evaporador,8,29.9,11,11,1,74,tecnico,2025-01-10 13:00:00
1118,Enfriador Comercial,4,cristales_resist_si,14,26.7,16,16,1,85,normal,2024-07-20 18:00:00
1119,Refrigerador,1,escarcha_poca_burbujeo_no,13,33.5,2,3,0,78,normal,2024-02-04 18:00:00
1120,Aire Acondicionado,3,ruido_interior,6,35.9,18,18,1,92,normal,2024-07-07 08:00:00
1121,Refrigerador,1,ruido_zumbido,11,27.0,18,18,1,83,normal,2024-08-24 07:00:00
1122,Refrigerador,1,hielo_puerta_mala,9,32.9,10,10,1,77,normal,2025-01-16 13:00:00
1123,Aire Acondicionado,3,gotea_nueva,0,29.0,9,9,1,72,normal,2024-08-25 14:00:00
1124,Enfriador Comercial,4,comp_func_cond_limpio,1,35.3,1,1,1,87,normal,2024-08-29 20:00:00
1125,Congelador,2,comp_func_temp_mayor_0,3,30.8,3,3,1,96,normal,2024-07-19 09:00:00
1126,Refrigerador,1,hielo_puerta_mala,10,29.2,10,10,1,77,normal,2024-07-02 09:00:00
1127,Aire Acondicionado,3,filtros_limpios_presion_baja,13,24.8,1,1,1,77,normal,2024-09-24 17:00:00
1128,Refrigerador,1,compresor_no_voltaje_no,9,28.1,17,17,1,94,normal,2024-01-25 19:00:00
1129,Enfriador Comercial,4,comp_func_cond_sucio,14,26.9,8,8,1,92,normal,2024-01-08 12:00:00
1130,Aire Acondicionado,3,filtros_limpios_presion_normal,3,31.1,3,18,0,88,normal,2024-03-26 07:00:00
1131,Enfriador Comercial,4,cristales_resist_no,2,26.6,16,16,1,96,normal,2024-10-04 13:00:00
1132,Enfriador Comercial,4,comp_func_cond_limpio,4,33.5,1,8,0,87,normal,2024-01-08 13:00:00
1133,Congelador,2,comp_func_temp_0_10,6,27.6,1,11,0,76,normal,2024-02-04 10:00:00
1134,Enfriador Comercial,4,comp_no_ec,11,29.4,3,3,1,90,tecnico,2024-12-30 15:00:00
1135,Cuarto Frio,5,trabaja_sin_parar_filt_no,4,31.9,1,1,1,93,normal,2025-01-29 18:00:00
1136,Aire Acondicionado,3,gotea_antigua,3,31.0,9,9,1,94,normal,2024-12-07 14:00:00
1137,Refrigerador,1,compresor_no_voltaje_si,0,32.7,3,3,1,89,tecnico,2024-09-14 16:00:00
1138,Refrigerador,1,escarcha_poca_burbujeo_no,0,26.7,2,2,1,78,normal,2024-05-01 18:00:00
1139,Enfriador Comercial,4,comp_func_cond_sucio,8,32.6,8,8,1,92,normal,2024-04-14 17:00:00
1140,Refrigerador,1,escarcha_poca_burbujeo_no,14,30.4,2,9,0,78,normal,2024-06-11 17:00:00
1141,Refrigerador,1,ruido_zumbido,11,22.7,18,18,1,83,normal,2025-01-10 12:00:00
1142,Congelador,2,comp_func_temp_mayor_0,3,32.7,3,3,1,96,tecnico,2024-05-07 19:00:00
1143,Aire Acondicionado,3,codigo_error,13,26.5,12,12,1,81,normal,2024-09-08 08:00:00
1144,Aire Acondicionado,3,filtros_limpios_presion_baja,8,28.7,1,1,1,77,normal,2024-02-16 09:00:00
1145,Cuarto Frio,5,consumo_alto_cf,12,31.7,8,8,1,86,tecnico,2024-06-08 09:00:00
1146,Aire Acondicionado,3,exterior_no_control_si,6,27.8,4,4,1,78,normal,2024-10-22 14:00:00
1147,Aire Acondicionado,3,exterior_no_control_no,12,19.2,12,12,1,87,normal,2024-08-29 14:00:00
1148,Enfriador Comercial,4,cristales_resist_no,8,30.2,16,16,1,96,normal,2024-09-03 07:00:00
1149,Enfriador Comercial,4,cristales_resist_si,12,29.5,16,16,1,85,normal,2025-01-07 09:00:00
1150,Congelador,2,hielo_evaporador,6,20.0,11,11,1,74,normal,2024-11-06 14:00:00
1151,Refrigerador,1,compresor_no_voltaje_si,2,26.7,3,3,1,89,normal,2024-09-13 18:00:00
1152,Congelador,2,hielo_evaporador,6,29.4,11,11,1,74,normal,2025-01-15 12:00:00
1153,Enfriador Comercial,4,cristales_resist_si,5,30.5,16,1,0,85,normal,2024-10-16 09:00:00
1154,Aire Acondicionado,3,gotea_nueva,16,28.9,9,18,0,72,normal,2024-12-29 14:00:00
1155,Congelador,2,consumo_alto,1,25.8,8,8,1,93,normal,2024-07-04 17:00:00
1156,Refrigerador,1,hielo_puerta_bien,9,31.8,11,11,1,85,normal,2024-12-14 09:00:00
1157,Congelador,2,comp_func_temp_mayor_0,8,36.3,3,3,1,96,tecnico,2024-11-25 18:00:00
1158,Enfriador Comercial,4,cristales_resist_si,10,26.7,16,1,0,85,normal,2024-04-06 13:00:00
1159,Aire Acondicionado,3,gotea_nueva,4,25.6,9,9,1,72,normal,2024-06-06 18:00:00
1160,Enfriador Comercial,4,puertas_mal,13,38.9,10,10,1,95,normal,2024-06-25 20:00:00
1161,Aire Acondicionado,3,exterior_no_control_no,10,32.6,12,12,1,87,tecnico,2024-09-08 07:00:00
1162,Refrigerador,1,escarcha_mucha_ventilador_no,11,27.3,6,6,1,73,normal,2024-05-27 18:00:00
1163,Enfriador Comercial,4,comp_func_cond_sucio,3,29.8,8,8,1,92,normal,2024-02-26 14:00:00
1164,Cuarto Frio,5,trabaja_sin_parar_filt_no,3,31.0,1,1,1,93,normal,2025-01-23 10:00:00
1165,Congelador,2,hielo_evaporador,6,30.6,11,11,1,74,normal,2024-02-13 13:00:00
1166,Refrigerador,1,compresor_no_clic_si,1,28.0,4,4,1,90,normal,2024-09-05 17:00:00
1167,Refrigerador,1,escarcha_mucha_ventilador_si,1,29.0,5,5,1,88,tecnico,2024-02-19 10:00:00
1168,Cuarto Frio,5,trabaja_sin_parar_filt_si,5,28.5,14,14,1,86,tecnico,2024-05-16 14:00:00
1169,Enfriador Comercial,4,comp_no_ec,8,25.9,3,3,1,90,normal,2024-05-02 12:00:00
1170,Enfriador Comercial,4,cristales_resist_si,8,34.2,16,8,0,85,tecnico,2024-01-02 14:00:00
1171,Enfriador Comercial,4,puertas_mal,12,29.8,10,10,1,95,normal,2024-12-24 19:00:00
1172,Aire Acondicionado,3,gotea_antigua,6,28.6,9,9,1,94,tecnico,2024-09-20 13:00:00
1173,Aire Acondicionado,3,filtros_limpios_presion_baja,19,36.1,1,8,0,77,normal,2024-01-24 19:00:00
1174,Congelador,2,consumo_alto,6,27.1,8,8,1,93,normal,2024-11-09 19:00:00
1175,Refrigerador,1,compresor_no_voltaje_si,6,37.4,3,2,0,89,tecnico,2024-05-30 16:00:00
1176,Aire Acondicionado,3,filtros_sucios,13,25.1,13,13,1,97,tecnico,2025-01-01 15:00:00
1177,Refrigerador,1,escarcha_poca_burbujeo_si,7,35.5,1,11,0,79,normal,2024-08-16 08:00:00
1178,Enfriador Comercial,4,puertas_mal,7,32.9,10,10,1,95,normal,2024-12-03 18:00:00
1179,Refrigerador,1,escarcha_mucha_ventilador_no,6,28.5,6,10,0,73,tecnico,2024-04-22 18:00:00
1180,Congelador,2,consumo_alto,6,26.7,8,8,1,93,normal,2024-03-10 15:00:00
1181,Enfriador Comercial,4,comp_func_cond_limpio,11,27.6,1,1,1,87,tecnico,2024-02-03 17:00:00
1182,Congelador,2,hielo_evaporador,14,31.5,11,8,0,74,normal,2024-10-14 20:00:00
1183,Enfriador Comercial,4,comp_func_cond_sucio,3,30.3,8,8,1,92,tecnico,2024-04-06 18:00:00
1184,Refrigerador,1,ruido_burbujeo,5,30.1,1,10,0,73,normal,2024-01-01 11:00:00
1185,Refrigerador,1,ruido_burbujeo,7,35.4,1,1,1,73,normal,2024-12-13 19:00:00
1186,Aire Acondicionado,3,ruido_exterior,9,19.8,3,3,1,89,normal,2024-01-05 15:00:00
1187,Enfriador Comercial,4,comp_no_ec,2,36.1,3,3,1,90,normal,2024-11-03 11:00:00
1188,Aire Acondicionado,3,filtros_limpios_presion_baja,8,26.3,1,1,1,77,tecnico,2024-03-04 11:00:00
1189,Cuarto Frio,5,cicla_hielo_no,8,29.7,1,8,0,94,tecnico,2024-06-19 09:00:00
1190,Aire Acondicionado,3,exterior_no_control_si,9,32.2,4,4,1,78,tecnico,2024-04-01 20:00:00
1191,Enfriador Comercial,4,puertas_mal,6,34.8,10,10,1,95,tecnico,2024-10-07 13:00:00
1192,Congelador,2,hielo_evaporador,9,28.4,11,8,0,74,normal,2024-09-27 18:00:00
1193,Congelador,2,comp_no,9,31.7,4,4,1,80,normal,2025-01-20 19:00:00
1194,Cuarto Frio,5,trabaja_sin_parar_filt_si,12,36.4,14,14,1,86,normal,2024-03-24 16:00:00
1195,Aire Acondicionado,3,ruido_interior,9,28.4,18,18,1,92,tecnico,2025-01-11 17:00:00
1196,Refrigerador,1,compresor_no_voltaje_si,10,31.2,3,3,1,89,normal,2024-03-16 13:00:00
1197,Enfriador Comercial,4,puertas_mal,12,30.6,10,3,0,95,tecnico,2024-03-01 15:00:00
1198,Congelador,2,hielo_bordes,6,28.2,10,10,1,74,tecnico,2024-05-05 07:00:00
1199,Refrigerador,1,escarcha_poca_burbujeo_no,6,27.2,2,2,1,78,tecnico,2025-02-01 18:00:00
1200,Refrigerador,1,gotea,6,34.1,9,9,1,89,normal,2024-11-19 17:00:00
1201,Enfriador Comercial,4,comp_no_ec,0,30.5,3,3,1,90,tecnico,2024-04-25 07:00:00
1202,Cuarto Frio,5,consumo_alto_cf,19,30.4,8,8,1,86,normal,2024-02-18 19:00:00
1203,Cuarto Frio,5,trabaja_sin_parar_filt_no,5,35.2,1,1,1,93,normal,2024-06-15 08:00:00
1204,Cuarto Frio,5,trabaja_sin_parar_filt_no,6,29.0,1,1,1,93,normal,2024-10-01 19:00:00
1205,Cuarto Frio,5,cicla_hielo_no,1,31.6,1,1,1,94,normal,2025-01-20 19:00:00
1206,Aire Acondicionado,3,filtros_limpios_presion_normal,3,24.7,3,3,1,88,normal,2024-10-11 14:00:00
1207,Congelador,2,comp_func_temp_0_10,0,23.8,1,1,1,76,normal,2025-01-20 07:00:00
1208,Refrigerador,1,escarcha_mucha_ventilador_no,7,26.4,6,6,1,73,normal,2024-08-04 17:00:00
1209,Refrigerador,1,escarcha_poca_burbujeo_no,4,33.6,2,17,0,78,normal,2024-10-22 14:00:00
1210,Congelador,2,hielo_bordes,14,27.4,10,11,0,74,normal,2024-04-17 18:00:00
1211,Refrigerador,1,hielo_puerta_mala,12,29.2,10,10,1,77,tecnico,2024-03-09 16:00:00
1212,Cuarto Frio,5,trabaja_sin_parar_filt_no,8,31.6,1,1,1,93,tecnico,2024-08-04 08:00:00
1213,Cuarto Frio,5,cicla_hielo_si,4,27.6,11,11,1,87,tecnico,2024-12-12 13:00:00
1214,Aire Acondicionado,3,ruido_exterior,3,27.1,3,3,1,89,normal,2024-11-20 18:00:00
1215,Aire Acondicionado,3,gotea_antigua,8,26.1,9,9,1,94,tecnico,2024-06-10 19:00:00
1216,Enfriador Comercial,4,cristales_resist_si,0,25.2,16,16,1,85,normal,2024-03-04 15:00:00
1217,Refrigerador,1,hielo_puerta_mala,7,34.2,10,10,1,77,normal,2024-05-19 09:00:00
1218,Aire Acondicionado,3,exterior_no_control_no,0,31.3,12,12,1,87,tecnico,2024-07-12 08:00:00
1219,Refrigerador,1,escarcha_poca_burbujeo_si,7,32.8,1,3,0,79,normal,2024-12-24 16:00:00
1220,Congelador,2,hielo_bordes,4,25.2,10,10,1,74,normal,2024-06-11 19:00:00
1221,Enfriador Comercial,4,comp_func_cond_sucio,5,28.4,8,8,1,92,normal,2024-07-25 14:00:00
1222,Cuarto Frio,5,trabaja_sin_parar_filt_no,4,18.5,1,1,1,93,tecnico,2024-12-02 09:00:00
1223,Aire Acondicionado,3,gotea_nueva,8,28.0,9,9,1,72,normal,2025-02-02 10:00:00
1224,Cuarto Frio,5,cicla_hielo_no,10,37.9,1,8,0,94,tecnico,2024-08-27 15:00:00
1225,Congelador,2,comp_no,15,22.7,4,3,0,80,normal,2024-02-14 11:00:00
1226,Enfriador Comercial,4,comp_no_ec,12,28.2,3,3,1,90,normal,2024-05-02 08:00:00
1227,Aire Acondicionado,3,codigo_error,1,28.8,12,12,1,81,tecnico,2024-08-05 17:00:00
1228,Cuarto Frio,5,alarmas,2,23.9,15,15,1,90,normal,2024-12-12 15:00:00
1229,Refrigerador,1,compresor_no_voltaje_no,0,31.8,17,17,1,94,normal,2024-09-30 18:00:00
1230,Congelador,2,comp_func_temp_mayor_0,20,36.0,3,3,1,96,tecnico,2024-09-27 17:00:00
1231,Cuarto Frio,5,trabaja_sin_parar_filt_si,8,34.8,14,8,0,86,normal,2024-07-06 20:00:00
1232,Aire Acondicionado,3,ruido_exterior,5,27.7,3,3,1,89,normal,2024-03-28 12:00:00
1233,Refrigerador,1,compresor_no_voltaje_si,14,29.0,3,3,1,89,normal,2024-06-02 14:00:00
1234,Congelador,2,comp_no,3,34.0,4,4,1,80,normal,2024-04-21 11:00:00
1235,Cuarto Frio,5,trabaja_sin_parar_filt_si,15,35.1,14,14,1,86,normal,2024-08-23 12:00:00
1236,Congelador,2,comp_no,2,24.1,4,4,1,80,tecnico,2024-07-24 12:00:00
1237,Refrigerador,1,escarcha_mucha_ventilador_no,6,30.6,6,10,0,73,normal,2024-09-06 07:00:00
1238,Aire Acondicionado,3,exterior_no_control_no,3,33.6,12,12,1,87,normal,2024-08-07 09:00:00
1239,Cuarto Frio,5,cicla_hielo_si,2,21.9,11,11,1,87,normal,2024-08-10 07:00:00
1240,Congelador,2,consumo_alto,3,31.9,8,8,1,93,normal,2024-07-21 13:00:00
1241,Congelador,2,comp_func_temp_0_10,3,30.4,1,1,1,76,normal,2024-08-03 14:00:00
1242,Cuarto Frio,5,cicla_hielo_no,11,33.3,1,1,1,94,tecnico,2024-07-23 15:00:00
1243,Enfriador Comercial,4,comp_func_cond_sucio,2,29.6,8,8,1,92,normal,2025-01-27 17:00:00
1244,Aire Acondicionado,3,filtros_limpios_presion_baja,9,29.5,1,1,1,77,tecnico,2025-01-12 07:00:00
1245,Enfriador Comercial,4,cristales_resist_si,4,22.3,16,16,1,85,normal,2024-09-18 09:00:00
1246,Aire Acondicionado,3,exterior_no_control_no,11,29.6,12,12,1,87,tecnico,2024-05-06 17:00:00
1247,Enfriador Comercial,4,comp_func_cond_sucio,6,29.4,8,8,1,92,normal,2024-04-06 20:00:00
1248,Cuarto Frio,5,alarmas,8,27.2,15,15,1,90,normal,2024-01-20 11:00:00
1249,Aire Acondicionado,3,filtros_sucios,6,27.7,13,13,1,97,normal,2024-06-05 18:00:00
1250,Aire Acondicionado,3,exterior_no_control_si,5,27.8,4,4,1,78,normal,2024-11-25 07:00:00
1251,Congelador,2,comp_func_temp_0_10,4,28.3,1,1,1,76,normal,2024-01-25 09:00:00
1252,Refrigerador,1,escarcha_mucha_ventilador_si,1,32.7,5,5,1,88,normal,2024-08-29 11:00:00
1253,Cuarto Frio,5,trabaja_sin_parar_filt_si,6,28.9,14,14,1,86,normal,2024-12-08 07:00:00
1254,Cuarto Frio,5,trabaja_sin_parar_filt_no,5,33.7,1,1,1,93,normal,2025-02-02 16:00:00
1255,Cuarto Frio,5,consumo_alto_cf,5,27.4,8,8,1,86,tecnico,2024-03-07 17:00:00
1256,Cuarto Frio,5,trabaja_sin_parar_filt_si,0,26.8,14,8,0,86,normal,2024-08-16 08:00:00
1257,Refrigerador,1,ruido_zumbido,8,27.6,18,18,1,83,normal,2024-03-19 07:00:00
1258,Aire Acondicionado,3,exterior_no_control_si,6,33.3,4,4,1,78,tecnico,2025-01-23 20:00:00
1259,Cuarto Frio,5,cicla_hielo_si,13,23.0,11,1,0,87,normal,2024-09-25 15:00:00
1260,Refrigerador,1,escarcha_poca_burbujeo_si,8,31.0,1,1,1,79,normal,2024-01-24 16:00:00
1261,Refrigerador,1,gotea,17,31.7,9,9,1,89,normal,2024-09-19 08:00:00
1262,Aire Acondicionado,3,ruido_interior,10,35.8,18,18,1,92,tecnico,2024-07-24 16:00:00
1263,Congelador,2,comp_func_temp_mayor_0,3,30.5,3,3,1,96,tecnico,2024-09-19 14:00:00
1264,Cuarto Frio,5,alarmas,10,31.4,15,15,1,90,tecnico,2024-05-31 18:00:00
1265,Congelador,2,hielo_bordes,2,29.8,10,10,1,74,normal,2024-05-22 09:00:00
1266,Congelador,2,comp_func_temp_0_10,9,33.9,1,8,0,76,tecnico,2024-09-30 08:00:00
1267,Refrigerador,1,hielo_puerta_mala,5,26.0,10,10,1,77,tecnico,2024-10-08 11:00:00
1268,Aire Acondicionado,3,gotea_nueva,13,26.6,9,9,1,72,tecnico,2024-11-16 20:00:00
1269,Refrigerador,1,compresor_no_voltaje_si,3,31.4,3,17,0,89,normal,2025-02-02 19:00:00
1270,Cuarto Frio,5,trabaja_sin_parar_filt_si,10,28.5,14,14,1,86,tecnico,2024-05-11 20:00:00
1271,Cuarto Frio,5,consumo_alto_cf,3,25.7,8,8,1,86,normal,2025-01-20 13:00:00
1272,Aire Acondicionado,3,ruido_interior,4,30.3,18,18,1,92,normal,2024-09-02 08:00:00
1273,Enfriador Comercial,4,comp_func_cond_sucio,6,30.0,8,8,1,92,tecnico,2024-04-02 17:00:00
1274,Congelador,2,comp_func_temp_0_10,5,26.7,1,10,0,76,normal,2024-04-06 08:00:00
1275,Aire Acondicionado,3,filtros_limpios_presion_normal,6,23.5,3,3,1,88,tecnico,2024-03-11 18:00:00
1276,Refrigerador,1,ruido_burbujeo,2,30.6,1,1,1,73,normal,2024-01-07 19:00:00
1277,Refrigerador,1,escarcha_poca_burbujeo_si,4,30.9,1,1,1,79,normal,2024-01-05 19:00:00
1278,Refrigerador,1,ruido_zumbido,10,30.1,18,18,1,83,tecnico,2024-04-13 09:00:00
1279,Enfriador Comercial,4,cristales_resist_no,13,30.4,16,16,1,96,normal,2024-10-05 18:00:00
1280,Congelador,2,consumo_alto,7,25.9,8,8,1,93,normal,2024-10-05 11:00:00
1281,Refrigerador,1,ruido_zumbido,13,28.8,18,18,1,83,normal,2024-07-16 09:00:00
1282,Congelador,2,consumo_alto,4,29.1,8,8,1,93,normal,2024-12-17 18:00:00
1283,Refrigerador,1,ruido_vibracion,3,30.4,3,9,0,74,normal,2024-06-19 08:00:00
1284,Congelador,2,comp_func_temp_0_10,13,30.2,1,1,1,76,normal,2024-09-28 12:00:00
1285,Cuarto Frio,5,trabaja_sin_parar_filt_no,9,32.5,1,1,1,93,tecnico,2024-06-27 08:00:00
1286,Congelador,2,hielo_evaporador,9,33.8,11,1,0,74,tecnico,2024-03-17 19:00:00
1287,Aire Acondicionado,3,gotea_antigua,2,22.3,9,1,0,94,normal,2024-08-06 18:00:00
1288,Congelador,2,comp_func_temp_mayor_0,1,31.3,3,4,0,96,tecnico,2024-06-29 12:00:00
1289,Enfriador Comercial,4,cristales_resist_si,7,34.3,16,16,1,85,normal,2024-11-30 10:00:00
1290,Enfriador Comercial,4,cristales_resist_si,7,28.1,16,16,1,85,normal,2024-10-01 20:00:00
1291,Aire Acondicionado,3,gotea_nueva,1,27.9,9,18,0,72,normal,2024-02-14 10:00:00
1292,Congelador,2,comp_func_temp_0_10,3,24.2,1,8,0,76,normal,2024-03-09 08:00:00
1293,Refrigerador,1,compresor_no_voltaje_si,5,33.1,3,3,1,89,normal,2024-10-09 13:00:00
1294,Aire Acondicionado,3,exterior_no_control_si,12,23.4,4,4,1,78,normal,2024-12-22 18:00:00
1295,Aire Acondicionado,3,gotea_nueva,10,27.6,9,9,1,72,normal,2024-10-24 08:00:00
1296,Enfriador Comercial,4,cristales_resist_no,13,25.0,16,16,1,96,normal,2024-02-10 10:00:00
1297,Refrigerador,1,escarcha_mucha_ventilador_si,8,29.9,5,5,1,88,tecnico,2025-01-18 15:00:00
1298,Congelador,2,hielo_evaporador,6,26.9,11,11,1,74,tecnico,2024-12-21 07:00:00
1299,Congelador,2,comp_func_temp_0_10,2,29.8,1,1,1,76,normal,2024-01-06 13:00:00
1300,Enfriador Comercial,4,puertas_mal,15,28.3,10,10,1,95,tecnico,2024-05-12 16:00:00
1301,Cuarto Frio,5,cicla_hielo_si,10,26.9,11,15,0,87,tecnico,2024-03-05 18:00:00
1302,Aire Acondicionado,3,gotea_nueva,8,30.1,9,9,1,72,normal,2025-01-16 15:00:00
1303,Cuarto Frio,5,trabaja_sin_parar_filt_si,11,25.6,14,14,1,86,tecnico,2024-03-25 07:00:00
1304,Congelador,2,consumo_alto,6,29.7,8,8,1,93,normal,2024-07-04 16:00:00
1305,Congelador,2,comp_func_temp_0_10,4,30.0,1,1,1,76,normal,2024-06-07 10:00:00
1306,Cuarto Frio,5,trabaja_sin_parar_filt_no,9,30.6,1,1,1,93,normal,2024-10-18 16:00:00
1307,Refrigerador,1,ruido_burbujeo,19,27.8,1,1,1,73,normal,2024-07-01 19:00:00
1308,Congelador,2,hielo_evaporador,7,29.1,11,11,1,74,normal,2024-07-01 09:00:00
1309,Refrigerador,1,compresor_no_voltaje_si,6,28.9,3,3,1,89,normal,2024-10-27 19:00:00
1310,Enfriador Comercial,4,cristales_resist_si,8,27.2,16,8,0,85,normal,2024-12-15 14:00:00
1311,Refrigerador,1,hielo_puerta_mala,1,27.4,10,3,0,77,tecnico,2024-03-23 15:00:00
1312,Cuarto Frio,5,alarmas,8,20.9,15,15,1,90,tecnico,2024-08-17 19:00:00
1313,Aire Acondicionado,3,gotea_antigua,4,22.2,9,9,1,94,tecnico,2024-12-15 13:00:00
1314,Aire Acondicionado,3,exterior_no_control_si,20,22.4,4,4,1,78,tecnico,2024-10-17 17:00:00
1315,Enfriador Comercial,4,comp_func_cond_limpio,11,34.1,1,8,0,87,tecnico,2025-02-04 08:00:00
1316,Enfriador Comercial,4,comp_func_cond_limpio,6,35.3,1,8,0,87,normal,2024-02-04 11:00:00
1317,Cuarto Frio,5,cicla_hielo_si,5,34.7,11,11,1,87,tecnico,2024-05-11 19:00:00
1318,Enfriador Comercial,4,puertas_mal,14,31.7,10,10,1,95,tecnico,2024-09-06 07:00:00
1319,Congelador,2,comp_no,6,34.6,4,4,1,80,normal,2024-11-15 12:00:00
1320,Congelador,2,comp_func_temp_0_10,9,22.0,1,1,1,76,normal,2024-12-15 07:00:00
1321,Cuarto Frio,5,alarmas,1,30.6,15,15,1,90,normal,2024-02-23 11:00:00
1322,Enfriador Comercial,4,comp_func_cond_sucio,8,23.0,8,8,1,92,normal,2024-08-24 17:00:00
1323,Refrigerador,1,compresor_no_voltaje_si,6,23.6,3,3,1,89,normal,2025-01-09 08:00:00
1324,Enfriador Comercial,4,cristales_resist_si,3,22.3,16,16,1,85,normal,2024-11-05 14:00:00
1325,Aire Acondicionado,3,ruido_interior,2,24.2,18,3,0,92,normal,2024-06-12 16:00:00
1326,Refrigerador,1,ruido_burbujeo,11,30.4,1,1,1,73,tecnico,2024-08-08 14:00:00
1327,Aire Acondicionado,3,filtros_limpios_presion_baja,3,35.7,1,8,0,77,normal,2024-03-31 08:00:00
1328,Aire Acondicionado,3,filtros_limpios_presion_normal,4,30.0,3,3,1,88,tecnico,2024-08-19 20:00:00
1329,Enfriador Comercial,4,cristales_resist_no,3,31.0,16,16,1,96,tecnico,2024-08-07 12:00:00
1330,Congelador,2,comp_func_temp_mayor_0,3,27.4,3,3,1,96,normal,2024-10-01 18:00:00
1331,Aire Acondicionado,3,gotea_nueva,5,27.6,9,9,1,72,tecnico,2024-11-01 10:00:00
1332,Refrigerador,1,hielo_puerta_bien,9,25.3,11,11,1,85,normal,2025-01-10 18:00:00
1333,Congelador,2,comp_func_temp_0_10,2,26.8,1,3,0,76,tecnico,2024-12-11 13:00:00
1334,Congelador,2,hielo_bordes,10,29.6,10,3,0,74,normal,2024-11-23 16:00:00
1335,Refrigerador,1,escarcha_mucha_ventilador_si,3,33.1,5,5,1,88,normal,2024-07-12 10:00:00
1336,Congelador,2,comp_func_temp_mayor_0,15,28.5,3,3,1,96,normal,2024-07-05 07:00:00
1337,Congelador,2,comp_no,7,33.2,4,4,1,80,normal,2024-07-29 12:00:00
1338,Congelador,2,hielo_bordes,6,24.4,10,4,0,74,normal,2024-03-31 14:00:00
1339,Enfriador Comercial,4,comp_no_ec,3,24.9,3,3,1,90,tecnico,2024-12-18 17:00:00
1340,Enfriador Comercial,4,puertas_mal,4,26.2,10,10,1,95,tecnico,2024-02-20 08:00:00
1341,Refrigerador,1,escarcha_mucha_ventilador_no,9,25.9,6,6,1,73,tecnico,2024-10-05 08:00:00
1342,Enfriador Comercial,4,cristales_resist_no,8,26.3,16,16,1,96,normal,2024-08-03 10:00:00
1343,Aire Acondicionado,3,ruido_interior,7,34.9,18,4,0,92,tecnico,2024-08-25 13:00:00
1344,Enfriador Comercial,4,comp_func_cond_limpio,15,34.2,1,1,1,87,normal,2024-12-03 11:00:00
1345,Congelador,2,hielo_evaporador,9,37.8,11,11,1,74,normal,2024-07-10 20:00:00
1346,Cuarto Frio,5,alarmas,8,29.2,15,15,1,90,tecnico,2024-08-08 10:00:00
1347,Cuarto Frio,5,cicla_hielo_no,3,24.4,1,1,1,94,normal,2024-03-06 17:00:00
1348,Enfriador Comercial,4,puertas_mal,3,23.1,10,10,1,95,normal,2024-08-11 10:00:00
1349,Refrigerador,1,hielo_puerta_bien,11,23.4,11,11,1,85,tecnico,2024-11-17 11:00:00
1350,Cuarto Frio,5,trabaja_sin_parar_filt_no,15,28.8,1,3,0,93,normal,2024-08-11 07:00:00
1351,Cuarto Frio,5,trabaja_sin_parar_filt_no,0,26.6,1,1,1,93,normal,2025-01-15 18:00:00
1352,Aire Acondicionado,3,ruido_interior,8,20.3,18,18,1,92,normal,2024-11-30 10:00:00
1353,Congelador,2,comp_func_temp_mayor_0,7,29.2,3,3,1,96,tecnico,2024-12-03 07:00:00
1354,Congelador,2,comp_func_temp_0_10,15,36.0,1,1,1,76,normal,2024-02-22 08:00:00
1355,Enfriador Comercial,4,cristales_resist_no,2,31.0,16,16,1,96,normal,2024-07-04 20:00:00
1356,Aire Acondicionado,3,gotea_nueva,2,31.4,9,12,0,72,normal,2024-11-16 08:00:00
1357,Aire Acondicionado,3,gotea_nueva,5,25.6,9,3,0,72,normal,2024-04-01 17:00:00
1358,Cuarto Frio,5,alarmas,8,37.1,15,15,1,90,tecnico,2024-06-26 14:00:00
1359,Cuarto Frio,5,consumo_alto_cf,7,32.6,8,11,0,86,normal,2024-10-01 07:00:00
1360,Cuarto Frio,5,consumo_alto_cf,10,34.5,8,8,1,86,normal,2024-04-21 07:00:00
1361,Congelador,2,comp_func_temp_mayor_0,3,27.7,3,3,1,96,normal,2024-02-17 12:00:00
1362,Cuarto Frio,5,alarmas,4,19.6,15,15,1,90,normal,2024-09-19 13:00:00
1363,Aire Acondicionado,3,exterior_no_control_no,3,25.8,12,12,1,87,normal,2024-10-25 19:00:00
1364,Cuarto Frio,5,cicla_hielo_si,3,21.3,11,11,1,87,tecnico,2024-08-09 14:00:00
1365,Enfriador Comercial,4,cristales_resist_no,10,31.2,16,16,1,96,normal,2024-10-17 12:00:00
1366,Congelador,2,consumo_alto,12,23.9,8,8,1,93,tecnico,2024-09-18 11:00:00
1367,Cuarto Frio,5,cicla_hielo_no,4,31.7,1,14,0,94,normal,2024-02-28 09:00:00
1368,Congelador,2,hielo_evaporador,11,23.9,11,11,1,74,normal,2024-12-02 12:00:00
1369,Congelador,2,comp_func_temp_mayor_0,11,31.5,3,3,1,96,normal,2024-08-26 16:00:00
1370,Congelador,2,comp_func_temp_mayor_0,8,31.4,3,3,1,96,normal,2024-09-26 10:00:00
1371,Refrigerador,1,ruido_zumbido,4,22.5,18,2,0,83,normal,2024-11-26 13:00:00
1372,Enfriador Comercial,4,comp_no_ec,11,23.8,3,3,1,90,normal,2024-09-09 14:00:00
1373,Refrigerador,1,compresor_no_clic_si,6,30.7,4,4,1,90,normal,2024-10-22 07:00:00
1374,Congelador,2,comp_func_temp_0_10,9,30.7,1,3,0,76,tecnico,2024-05-25 09:00:00
1375,Enfriador Comercial,4,comp_func_cond_limpio,13,30.0,1,1,1,87,normal,2024-02-18 20:00:00
1376,Enfriador Comercial,4,puertas_mal,4,28.4,10,10,1,95,normal,2024-02-10 15:00:00
1377,Congelador,2,hielo_evaporador,8,24.2,11,11,1,74,tecnico,2024-03-03 20:00:00
1378,Congelador,2,hielo_bordes,2,32.8,10,10,1,74,tecnico,2024-03-12 08:00:00
1379,Congelador,2,consumo_alto,10,29.3,8,8,1,93,tecnico,2024-10-02 07:00:00
1380,Refrigerador,1,compresor_no_clic_si,13,30.7,4,4,1,90,normal,2024-06-04 08:00:00
1381,Congelador,2,comp_no,9,30.0,4,4,1,80,tecnico,2024-10-25 14:00:00
1382,Refrigerador,1,escarcha_poca_burbujeo_si,5,25.2,1,1,1,79,normal,2024-07-30 17:00:00
1383,Enfriador Comercial,4,puertas_mal,2,23.8,10,10,1,95,tecnico,2024-06-13 19:00:00
1384,Enfriador Comercial,4,comp_func_cond_sucio,1,28.1,8,8,1,92,tecnico,2024-06-29 15:00:00
1385,Aire Acondicionado,3,exterior_no_control_si,9,33.2,4,4,1,78,normal,2024-08-27 20:00:00
1386,Enfriador Comercial,4,comp_func_cond_sucio,7,31.1,8,8,1,92,tecnico,2025-01-24 15:00:00
1387,Cuarto Frio,5,cicla_hielo_si,10,27.3,11,11,1,87,normal,2024-03-07 10:00:00
1388,Congelador,2,hielo_evaporador,17,33.1,11,10,0,74,normal,2024-07-23 10:00:00
1389,Refrigerador,1,compresor_no_clic_si,6,25.2,4,4,1,90,normal,2024-08-24 08:00:00
1390,Refrigerador,1,escarcha_poca_burbujeo_no,0,19.9,2,2,1,78,normal,2024-08-31 17:00:00
1391,Cuarto Frio,5,cicla_hielo_no,5,32.7,1,1,1,94,normal,2024-07-22 15:00:00
1392,Enfriador Comercial,4,cristales_resist_no,5,32.4,16,16,1,96,normal,2024-01-26 17:00:00
1393,Enfriador Comercial,4,puertas_mal,14,29.9,10,10,1,95,normal,2024-11-07 14:00:00
1394,Cuarto Frio,5,cicla_hielo_no,2,31.4,1,1,1,94,normal,2024-02-26 10:00:00
1395,Refrigerador,1,escarcha_mucha_ventilador_si,13,26.4,5,5,1,88,normal,2024-11-13 18:00:00
1396,Enfriador Comercial,4,cristales_resist_si,6,27.7,16,16,1,85,tecnico,2024-12-20 11:00:00
1397,Enfriador Comercial,4,comp_func_cond_sucio,3,30.6,8,8,1,92,normal,2024-01-02 08:00:00
1398,Aire Acondicionado,3,ruido_exterior,14,34.5,3,3,1,89,tecnico,2024-12-18 10:00:00
1399,Aire Acondicionado,3,gotea_antigua,9,30.8,9,9,1,94,tecnico,2024-12-07 14:00:00
1400,Enfriador Comercial,4,comp_no_ec,0,32.1,3,1,0,90,normal,2025-01-24 20:00:00
1401,Refrigerador,1,ruido_burbujeo,5,28.8,1,11,0,73,normal,2024-01-09 16:00:00
1402,Congelador,2,comp_func_temp_mayor_0,7,29.0,3,3,1,96,normal,2024-02-18 08:00:00
1403,Congelador,2,consumo_alto,5,25.3,8,8,1,93,normal,2024-05-09 12:00:00
1404,Enfriador Comercial,4,comp_func_cond_limpio,12,29.2,1,1,1,87,normal,2024-09-22 19:00:00
1405,Cuarto Frio,5,cicla_hielo_no,2,26.5,1,1,1,94,tecnico,2024-04-22 17:00:00
1406,Aire Acondicionado,3,gotea_antigua,7,23.1,9,9,1,94,tecnico,2024-08-08 12:00:00
1407,Aire Acondicionado,3,filtros_limpios_presion_normal,3,34.5,3,18,0,88,normal,2024-08-18 15:00:00
1408,Aire Acondicionado,3,exterior_no_control_no,14,27.4,12,12,1,87,normal,2024-10-28 13:00:00
1409,Congelador,2,comp_no,3,23.5,4,1,0,80,normal,2024-08-20 16:00:00
1410,Congelador,2,comp_no,2,26.0,4,4,1,80,tecnico,2024-03-16 14:00:00
1411,Aire Acondicionado,3,ruido_exterior,16,24.8,3,18,0,89,normal,2024-05-30 07:00:00
1412,Enfriador Comercial,4,comp_func_cond_limpio,3,24.9,1,1,1,87,normal,2024-09-07 11:00:00
1413,Refrigerador,1,compresor_no_voltaje_no,5,29.6,17,17,1,94,tecnico,2024-09-14 17:00:00
1414,Cuarto Frio,5,trabaja_sin_parar_filt_no,15,27.9,1,1,1,93,tecnico,2024-08-09 16:00:00
1415,Refrigerador,1,compresor_no_clic_si,3,25.3,4,4,1,90,normal,2024-08-04 13:00:00
1416,Refrigerador,1,compresor_no_clic_si,14,29.6,4,4,1,90,normal,2024-08-11 17:00:00
1417,Congelador,2,hielo_bordes,2,29.3,10,10,1,74,normal,2024-06-05 08:00:00
1418,Congelador,2,hielo_bordes,14,26.0,10,10,1,74,normal,2025-02-04 20:00:00
1419,Enfriador Comercial,4,comp_func_cond_limpio,2,25.8,1,10,0,87,normal,2024-08-06 14:00:00
1420,Enfriador Comercial,4,cristales_resist_si,6,30.2,16,1,0,85,tecnico,2024-08-03 08:00:00
1421,Aire Acondicionado,3,codigo_error,14,30.2,12,12,1,81,normal,2024-10-16 11:00:00
1422,Refrigerador,1,gotea,12,23.9,9,9,1,89,normal,2024-08-24 19:00:00
1423,Cuarto Frio,5,cicla_hielo_no,12,31.7,1,8,0,94,normal,2024-02-19 20:00:00
1424,Congelador,2,hielo_bordes,7,30.6,10,10,1,74,normal,2025-01-14 16:00:00
1425,Cuarto Frio,5,alarmas,10,27.6,15,15,1,90,tecnico,2024-03-10 10:00:00
1426,Aire Acondicionado,3,exterior_no_control_no,8,24.4,12,12,1,87,tecnico,2024-09-05 16:00:00
1427,Aire Acondicionado,3,filtros_limpios_presion_normal,1,33.7,3,3,1,88,normal,2024-02-23 14:00:00
1428,Refrigerador,1,ruido_zumbido,6,35.8,18,18,1,83,normal,2024-07-26 14:00:00
1429,Aire Acondicionado,3,exterior_no_control_si,12,21.9,4,4,1,78,tecnico,2024-11-11 08:00:00
1430,Enfriador Comercial,4,comp_func_cond_sucio,8,26.9,8,8,1,92,tecnico,2024-12-02 10:00:00
1431,Aire Acondicionado,3,ruido_exterior,10,24.6,3,3,1,89,normal,2024-10-28 14:00:00
1432,Congelador,2,consumo_alto,4,27.7,8,8,1,93,tecnico,2024-08-25 13:00:00
1433,Enfriador Comercial,4,comp_func_cond_sucio,0,24.0,8,8,1,92,normal,2024-11-26 17:00:00
1434,Cuarto Frio,5,cicla_hielo_no,0,30.4,1,1,1,94,tecnico,2024-08-27 18:00:00
1435,Enfriador Comercial,4,comp_no_ec,0,31.6,3,3,1,90,normal,2024-12-27 15:00:00
1436,Enfriador Comercial,4,cristales_resist_no,1,33.0,16,16,1,96,normal,2025-01-03 16:00:00
1437,Congelador,2,hielo_evaporador,10,29.7,11,4,0,74,tecnico,2024-02-04 20:00:00
1438,Enfriador Comercial,4,cristales_resist_si,16,25.9,16,16,1,85,normal,2024-12-28 15:00:00
1439,Cuarto Frio,5,cicla_hielo_si,2,24.5,11,11,1,87,normal,2024-07-25 08:00:00
1440,Refrigerador,1,escarcha_mucha_ventilador_si,12,37.9,5,5,1,88,normal,2024-02-24 14:00:00
1441,Enfriador Comercial,4,comp_no_ec,10,36.2,3,3,1,90,normal,2024-03-30 18:00:00
1442,Enfriador Comercial,4,cristales_resist_si,14,28.1,16,16,1,85,normal,2024-01-20 20:00:00
1443,Refrigerador,1,ruido_vibracion,10,23.0,3,9,0,74,normal,2024-08-18 13:00:00
1444,Aire Acondicionado,3,codigo_error,7,24.2,12,12,1,81,normal,2024-12-13 11:00:00
1445,Aire Acondicionado,3,exterior_no_control_si,10,24.5,4,1,0,78,normal,2024-11-18 17:00:00
1446,Refrigerador,1,escarcha_poca_burbujeo_no,0,31.0,2,2,1,78,normal,2025-01-31 13:00:00
1447,Cuarto Frio,5,consumo_alto_cf,13,25.7,8,15,0,86,normal,2024-04-16 16:00:00
1448,Enfriador Comercial,4,cristales_resist_no,5,34.1,16,16,1,96,normal,2024-03-11 19:00:00
1449,Refrigerador,1,ruido_vibracion,6,27.9,3,3,1,74,tecnico,2024-06-01 08:00:00
1450,Refrigerador,1,ruido_vibracion,4,30.1,3,3,1,74,normal,2024-04-24 20:00:00
1451,Congelador,2,comp_no,6,23.9,4,4,1,80,normal,2024-09-30 16:00:00
1452,Aire Acondicionado,3,ruido_exterior,14,35.3,3,18,0,89,normal,2024-01-30 15:00:00
1453,Refrigerador,1,ruido_burbujeo,6,31.7,1,1,1,73,normal,2024-05-13 10:00:00
1454,Congelador,2,comp_func_temp_0_10,2,27.4,1,1,1,76,tecnico,2025-01-22 17:00:00
1455,Refrigerador,1,escarcha_poca_burbujeo_no,7,30.8,2,2,1,78,tecnico,2024-01-19 12:00:00
1456,Refrigerador,1,compresor_no_voltaje_no,8,24.2,17,17,1,94,normal,2024-10-09 14:00:00
1457,Aire Acondicionado,3,exterior_no_control_no,10,32.7,12,12,1,87,normal,2024-09-01 11:00:00
1458,Aire Acondicionado,3,filtros_limpios_presion_baja,14,31.9,1,1,1,77,tecnico,2024-04-10 15:00:00
1459,Cuarto Frio,5,cicla_hielo_no,9,28.6,1,1,1,94,tecnico,2024-12-22 09:00:00
1460,Enfriador Comercial,4,puertas_mal,6,23.9,10,10,1,95,normal,2024-11-11 12:00:00
1461,Congelador,2,comp_func_temp_mayor_0,5,31.6,3,3,1,96,normal,2024-07-30 18:00:00
1462,Cuarto Frio,5,consumo_alto_cf,1,27.5,8,8,1,86,tecnico,2024-05-07 20:00:00
1463,Refrigerador,1,escarcha_mucha_ventilador_no,1,26.0,6,6,1,73,normal,2024-05-05 11:00:00
1464,Aire Acondicionado,3,codigo_error,6,30.2,12,12,1,81,normal,2024-02-09 11:00:00
1465,Cuarto Frio,5,trabaja_sin_parar_filt_no,7,28.7,1,1,1,93,normal,2024-12-31 11:00:00
1466,Congelador,2,hielo_bordes,4,25.3,10,10,1,74,normal,2024-05-16 12:00:00
1467,Cuarto Frio,5,consumo_alto_cf,2,26.7,8,15,0,86,normal,2024-04-14 09:00:00
1468,Cuarto Frio,5,trabaja_sin_parar_filt_no,5,32.4,1,1,1,93,normal,2025-01-06 20:00:00
1469,Aire Acondicionado,3,filtros_limpios_presion_baja,18,27.2,1,1,1,77,normal,2024-09-12 20:00:00
1470,Refrigerador,1,compresor_no_clic_si,4,23.5,4,4,1,90,tecnico,2024-02-13 07:00:00
1471,Congelador,2,hielo_bordes,5,32.9,10,10,1,74,normal,2024-07-13 09:00:00
1472,Enfriador Comercial,4,cristales_resist_no,1,29.5,16,16,1,96,normal,2024-06-27 07:00:00
1473,Cuarto Frio,5,cicla_hielo_si,14,35.1,11,11,1,87,tecnico,2024-06-23 18:00:00
1474,Cuarto Frio,5,cicla_hielo_no,13,25.0,1,1,1,94,tecnico,2025-01-20 07:00:00
1475,Refrigerador,1,ruido_zumbido,6,27.9,18,11,0,83,normal,2024-10-20 18:00:00
1476,Cuarto Frio,5,consumo_alto_cf,4,23.1,8,15,0,86,tecnico,2024-05-01 09:00:00
1477,Refrigerador,1,compresor_no_clic_si,11,30.6,4,4,1,90,normal,2024-06-21 16:00:00
1478,Enfriador Comercial,4,comp_func_cond_limpio,8,28.5,1,1,1,87,normal,2025-02-04 17:00:00
1479,Cuarto Frio,5,trabaja_sin_parar_filt_si,2,25.8,14,14,1,86,normal,2024-08-24 07:00:00
1480,Enfriador Comercial,4,comp_func_cond_limpio,6,27.5,1,16,0,87,normal,2024-10-11 10:00:00
1481,Enfriador Comercial,4,comp_func_cond_limpio,8,36.5,1,8,0,87,tecnico,2024-08-13 09:00:00
1482,Congelador,2,comp_no,4,33.1,4,4,1,80,normal,2024-03-30 09:00:00
1483,Cuarto Frio,5,alarmas,1,29.8,15,15,1,90,tecnico,2024-10-23 12:00:00
1484,Refrigerador,1,ruido_zumbido,10,29.7,18,18,1,83,tecnico,2024-05-12 11:00:00
1485,Refrigerador,1,hielo_puerta_mala,12,31.9,10,10,1,77,normal,2024-02-25 08:00:00
1486,Cuarto Frio,5,cicla_hielo_no,2,25.0,1,1,1,94,normal,2024-10-19 12:00:00
1487,Enfriador Comercial,4,comp_func_cond_limpio,9,30.6,1,1,1,87,tecnico,2024-06-20 13:00:00
1488,Congelador,2,hielo_evaporador,15,27.4,11,11,1,74,normal,2024-07-07 07:00:00
1489,Congelador,2,comp_func_temp_mayor_0,14,34.4,3,3,1,96,tecnico,2024-09-17 19:00:00
1490,Cuarto Frio,5,alarmas,5,29.9,15,15,1,90,tecnico,2024-01-17 17:00:00
1491,Aire Acondicionado,3,gotea_nueva,10,23.1,9,3,0,72,normal,2024-10-21 17:00:00
1492,Cuarto Frio,5,alarmas,6,21.0,15,15,1,90,tecnico,2024-09-27 19:00:00
1493,Refrigerador,1,ruido_burbujeo,6,24.7,1,1,1,73,tecnico,2024-05-30 10:00:00
1494,Congelador,2,comp_func_temp_mayor_0,11,28.3,3,4,0,96,normal,2025-01-18 08:00:00
1495,Aire Acondicionado,3,ruido_interior,10,31.8,18,18,1,92,normal,2024-07-04 17:00:00
1496,Enfriador Comercial,4,cristales_resist_no,4,26.4,16,16,1,96,normal,2024-03-05 15:00:00
1497,Aire Acondicionado,3,gotea_nueva,9,26.2,9,4,0,72,normal,2024-02-11 13:00:00
1498,Enfriador Comercial,4,cristales_resist_no,18,24.3,16,16,1,96,normal,2025-01-30 10:00:00
1499,Aire Acondicionado,3,ruido_interior,0,31.3,18,18,1,92,tecnico,2025-01-15 08:00:00
1500,Aire Acondicionado,3,filtros_limpios_presion_baja,12,31.2,1,1,1,77,normal,2024-02-07 09:00:00
1501,Cuarto Frio,5,consumo_alto_cf,14,32.1,8,8,1,86,normal,2024-12-30 11:00:00
1502,Refrigerador,1,compresor_no_voltaje_si,13,26.9,3,18,0,89,normal,2024-02-25 18:00:00
1503,Refrigerador,1,escarcha_mucha_ventilador_no,10,26.3,6,6,1,73,normal,2024-08-11 11:00:00
1504,Enfriador Comercial,4,puertas_mal,2,32.5,10,10,1,95,tecnico,2024-09-17 08:00:00
1505,Aire Acondicionado,3,filtros_limpios_presion_baja,8,25.0,1,1,1,77,normal,2024-09-17 18:00:00
1506,Cuarto Frio,5,cicla_hielo_si,15,33.2,11,11,1,87,normal,2024-06-23 07:00:00
1507,Cuarto Frio,5,consumo_alto_cf,13,22.2,8,8,1,86,normal,2024-06-12 19:00:00
1508,Aire Acondicionado,3,filtros_sucios,0,25.3,13,13,1,97,tecnico,2025-01-09 10:00:00
1509,Enfriador Comercial,4,cristales_resist_no,4,31.5,16,16,1,96,normal,2024-05-27 11:00:00
1510,Enfriador Comercial,4,cristales_resist_si,3,26.6,16,16,1,85,tecnico,2024-05-12 16:00:00
1511,Refrigerador,1,escarcha_poca_burbujeo_no,9,30.7,2,4,0,78,normal,2024-01-21 15:00:00
1512,Cuarto Frio,5,trabaja_sin_parar_filt_no,0,31.1,1,1,1,93,normal,2024-04-14 11:00:00
1513,Cuarto Frio,5,cicla_hielo_no,10,21.5,1,1,1,94,normal,2024-12-27 20:00:00
1514,Refrigerador,1,ruido_vibracion,13,28.0,3,18,0,74,normal,2024-03-11 11:00:00
1515,Refrigerador,1,compresor_no_voltaje_si,11,28.9,3,3,1,89,normal,2024-06-20 11:00:00
1516,Enfriador Comercial,4,puertas_mal,10,26.2,10,10,1,95,normal,2024-12-18 12:00:00
1517,Refrigerador,1,compresor_no_voltaje_no,2,27.6,17,17,1,94,normal,2024-11-16 07:00:00
1518,Refrigerador,1,escarcha_poca_burbujeo_no,2,24.3,2,2,1,78,tecnico,2024-12-10 10:00:00
1519,Congelador,2,hielo_evaporador,2,31.5,11,11,1,74,normal,2024-02-15 15:00:00
1520,Aire Acondicionado,3,filtros_limpios_presion_baja,6,23.0,1,1,1,77,normal,2024-12-29 09:00:00
1521,Refrigerador,1,compresor_no_voltaje_no,9,24.7,17,17,1,94,normal,2024-09-28 17:00:00
1522,Aire Acondicionado,3,exterior_no_control_no,12,25.3,12,18,0,87,normal,2024-11-18 13:00:00
1523,Cuarto Frio,5,cicla_hielo_si,7,28.2,11,14,0,87,normal,2024-08-16 12:00:00
1524,Aire Acondicionado,3,gotea_nueva,2,31.7,9,9,1,72,normal,2024-02-28 12:00:00
1525,Enfriador Comercial,4,puertas_mal,2,34.7,10,10,1,95,normal,2024-12-17 10:00:00
1526,Refrigerador,1,compresor_no_clic_si,4,23.8,4,4,1,90,tecnico,2024-07-28 07:00:00
1527,Cuarto Frio,5,cicla_hielo_si,4,27.4,11,11,1,87,normal,2024-01-28 11:00:00
1528,Enfriador Comercial,4,puertas_mal,3,32.6,10,10,1,95,normal,2024-08-17 13:00:00
1529,Aire Acondicionado,3,codigo_error,13,22.2,12,12,1,81,tecnico,2024-11-08 12:00:00
1530,Aire Acondicionado,3,codigo_error,7,27.4,12,1,0,81,tecnico,2024-02-16 19:00:00
1531,Congelador,2,comp_no,11,23.5,4,4,1,80,normal,2024-04-11 09:00:00
1532,Cuarto Frio,5,cicla_hielo_no,12,27.1,1,1,1,94,tecnico,2024-07-10 12:00:00
1533,Enfriador Comercial,4,comp_func_cond_sucio,7,29.0,8,8,1,92,tecnico,2024-09-26 08:00:00
1534,Cuarto Frio,5,cicla_hielo_no,11,29.7,1,1,1,94,normal,2024-01-13 10:00:00
1535,Aire Acondicionado,3,filtros_limpios_presion_baja,4,34.0,1,1,1,77,tecnico,2024-05-18 20:00:00
1536,Refrigerador,1,escarcha_mucha_ventilador_no,1,33.9,6,6,1,73,tecnico,2024-07-31 07:00:00
1537,Refrigerador,1,hielo_puerta_bien,12,27.2,11,11,1,85,tecnico,2024-04-09 20:00:00
1538,Cuarto Frio,5,cicla_hielo_si,11,27.6,11,11,1,87,tecnico,2024-06-03 11:00:00
1539,Enfriador Comercial,4,comp_func_cond_sucio,2,34.1,8,8,1,92,normal,2024-04-23 13:00:00
1540,Cuarto Frio,5,cicla_hielo_si,7,28.0,11,8,0,87,normal,2024-09-11 18:00:00
1541,Enfriador Comercial,4,comp_no_ec,10,28.0,3,3,1,90,normal,2025-01-29 10:00:00
1542,Enfriador Comercial,4,comp_no_ec,6,24.7,3,3,1,90,normal,2024-03-14 19:00:00
1543,Refrigerador,1,escarcha_mucha_ventilador_no,8,31.5,6,6,1,73,normal,2024-07-25 16:00:00
1544,Enfriador Comercial,4,cristales_resist_no,10,38.2,16,16,1,96,normal,2025-01-27 14:00:00
1545,Congelador,2,hielo_evaporador,5,27.8,11,11,1,74,normal,2024-07-27 20:00:00
1546,Refrigerador,1,compresor_no_clic_si,9,30.9,4,4,1,90,tecnico,2024-10-06 14:00:00
1547,Congelador,2,consumo_alto,4,24.5,8,8,1,93,tecnico,2025-01-10 08:00:00
1548,Refrigerador,1,compresor_no_voltaje_no,9,30.1,17,17,1,94,tecnico,2024-03-23 15:00:00
1549,Refrigerador,1,escarcha_poca_burbujeo_si,3,30.3,1,11,0,79,normal,2024-09-25 14:00:00
1550,Aire Acondicionado,3,ruido_exterior,6,27.6,3,3,1,89,normal,2024-05-30 18:00:00
1551,Congelador,2,hielo_bordes,5,33.0,10,10,1,74,normal,2024-12-16 10:00:00
1552,Cuarto Frio,5,alarmas,5,25.7,15,15,1,90,normal,2024-04-17 12:00:00
1553,Aire Acondicionado,3,filtros_sucios,7,29.3,13,13,1,97,normal,2024-02-04 07:00:00
1554,Congelador,2,consumo_alto,3,28.5,8,8,1,93,normal,2024-06-18 08:00:00
1555,Refrigerador,1,ruido_burbujeo,6,31.1,1,1,1,73,normal,2024-11-17 07:00:00
1556,Aire Acondicionado,3,exterior_no_control_no,4,32.1,12,9,0,87,normal,2024-06-05 12:00:00
1557,Cuarto Frio,5,cicla_hielo_no,15,23.7,1,1,1,94,normal,2024-02-22 18:00:00
1558,Aire Acondicionado,3,exterior_no_control_no,3,26.9,12,12,1,87,normal,2024-09-24 16:00:00
1559,Enfriador Comercial,4,comp_no_ec,8,32.3,3,16,0,90,normal,2024-01-02 19:00:00
1560,Aire Acondicionado,3,exterior_no_control_si,1,24.7,4,3,0,78,normal,2024-08-31 20:00:00
1561,Refrigerador,1,compresor_no_voltaje_si,1,31.1,3,3,1,89,normal,2024-08-29 12:00:00
1562,Congelador,2,hielo_bordes,10,28.6,10,10,1,74,normal,2025-01-31 13:00:00
1563,Enfriador Comercial,4,comp_no_ec,5,24.1,3,3,1,90,tecnico,2024-03-26 17:00:00
1564,Congelador,2,consumo_alto,2,28.3,8,8,1,93,normal,2024-12-21 19:00:00
1565,Congelador,2,consumo_alto,2,33.7,8,8,1,93,tecnico,2024-08-26 19:00:00
1566,Congelador,2,consumo_alto,6,25.6,8,8,1,93,tecnico,2024-04-07 13:00:00
1567,Congelador,2,comp_func_temp_mayor_0,15,31.6,3,3,1,96,normal,2024-10-27 11:00:00
1568,Congelador,2,comp_func_temp_0_10,14,28.9,1,11,0,76,tecnico,2024-11-06 11:00:00
1569,Refrigerador,1,hielo_puerta_mala,4,27.8,10,10,1,77,normal,2024-11-16 07:00:00
1570,Cuarto Frio,5,trabaja_sin_parar_filt_si,12,29.2,14,15,0,86,normal,2024-08-30 18:00:00
1571,Cuarto Frio,5,trabaja_sin_parar_filt_si,0,37.3,14,14,1,86,tecnico,2024-03-08 08:00:00
1572,Enfriador Comercial,4,comp_func_cond_limpio,1,30.5,1,1,1,87,normal,2024-02-19 20:00:00
1573,Cuarto Frio,5,cicla_hielo_si,18,30.9,11,11,1,87,tecnico,2024-06-11 18:00:00
1574,Aire Acondicionado,3,codigo_error,10,34.2,12,12,1,81,normal,2024-12-06 13:00:00
1575,Enfriador Comercial,4,puertas_mal,9,35.9,10,10,1,95,tecnico,2024-02-12 09:00:00
1576,Enfriador Comercial,4,comp_func_cond_limpio,4,32.0,1,1,1,87,normal,2024-03-29 17:00:00
1577,Refrigerador,1,compresor_no_clic_si,4,26.8,4,4,1,90,normal,2024-10-16 14:00:00
1578,Refrigerador,1,escarcha_mucha_ventilador_no,14,31.9,6,6,1,73,normal,2024-06-11 16:00:00
1579,Refrigerador,1,gotea,3,34.7,9,9,1,89,tecnico,2024-05-06 11:00:00
1580,Aire Acondicionado,3,filtros_sucios,5,29.4,13,13,1,97,normal,2024-05-22 09:00:00
1581,Cuarto Frio,5,cicla_hielo_si,6,30.6,11,11,1,87,tecnico,2024-05-12 18:00:00
1582,Enfriador Comercial,4,comp_no_ec,1,26.3,3,3,1,90,normal,2025-01-30 17:00:00
1583,Cuarto Frio,5,cicla_hielo_no,12,28.1,1,15,0,94,normal,2024-10-18 10:00:00
1584,Enfriador Comercial,4,comp_no_ec,9,26.7,3,3,1,90,normal,2024-06-24 18:00:00
1585,Cuarto Frio,5,consumo_alto_cf,12,29.5,8,8,1,86,normal,2024-08-27 11:00:00
1586,Refrigerador,1,escarcha_mucha_ventilador_no,7,27.3,6,6,1,73,normal,2024-08-27 16:00:00
1587,Congelador,2,comp_no,8,24.3,4,4,1,80,normal,2024-07-02 20:00:00
1588,Refrigerador,1,escarcha_poca_burbujeo_si,6,21.8,1,1,1,79,normal,2024-02-21 09:00:00
1589,Congelador,2,comp_no,3,22.6,4,4,1,80,normal,2024-10-30 16:00:00
1590,Enfriador Comercial,4,puertas_mal,6,27.1,10,10,1,95,normal,2024-07-10 16:00:00
1591,Congelador,2,hielo_evaporador,9,25.7,11,10,0,74,normal,2024-08-06 19:00:00
1592,Congelador,2,hielo_bordes,6,39.1,10,10,1,74,normal,2024-06-02 16:00:00
1593,Cuarto Frio,5,trabaja_sin_parar_filt_no,15,27.0,1,1,1,93,normal,2024-02-16 11:00:00
1594,Aire Acondicionado,3,gotea_antigua,6,28.1,9,9,1,94,normal,2024-03-16 10:00:00
1595,Aire Acondicionado,3,exterior_no_control_no,5,32.2,12,12,1,87,tecnico,2024-03-19 17:00:00
1596,Cuarto Frio,5,cicla_hielo_si,0,36.2,11,11,1,87,normal,2024-10-08 17:00:00
1597,Enfriador Comercial,4,puertas_mal,3,25.2,10,10,1,95,normal,2024-02-19 13:00:00
1598,Aire Acondicionado,3,gotea_antigua,10,29.7,9,9,1,94,tecnico,2024-05-24 20:00:00
1599,Enfriador Comercial,4,cristales_resist_no,6,33.2,16,16,1,96,normal,2024-04-23 16:00:00
1600,Aire Acondicionado,3,exterior_no_control_si,5,31.0,4,4,1,78,tecnico,2024-11-08 16:00:00
1601,Enfriador Comercial,4,comp_func_cond_limpio,9,30.7,1,1,1,87,normal,2024-06-22 13:00:00
1602,Aire Acondicionado,3,gotea_nueva,2,31.0,9,9,1,72,normal,2024-09-03 07:00:00
1603,Congelador,2,hielo_evaporador,3,25.1,11,11,1,74,tecnico,2024-06-26 17:00:00
1604,Refrigerador,1,hielo_puerta_mala,12,31.9,10,1,0,77,normal,2024-03-06 16:00:00
1605,Cuarto Frio,5,cicla_hielo_no,9,34.8,1,1,1,94,normal,2024-08-05 11:00:00
1606,Refrigerador,1,ruido_burbujeo,11,29.4,1,17,0,73,normal,2024-08-30 18:00:00
1607,Congelador,2,hielo_bordes,17,30.9,10,10,1,74,tecnico,2024-12-11 08:00:00
1608,Aire Acondicionado,3,filtros_limpios_presion_baja,5,30.6,1,13,0,77,normal,2024-09-20 20:00:00
1609,Cuarto Frio,5,alarmas,13,24.9,15,15,1,90,tecnico,2024-08-23 12:00:00
1610,Refrigerador,1,ruido_burbujeo,9,30.8,1,1,1,73,normal,2024-05-31 19:00:00
1611,Refrigerador,1,ruido_zumbido,4,27.9,18,18,1,83,normal,2024-01-19 16:00:00
1612,Refrigerador,1,compresor_no_voltaje_si,10,33.0,3,3,1,89,normal,2024-03-30 08:00:00
1613,Cuarto Frio,5,trabaja_sin_parar_filt_si,2,31.9,14,11,0,86,tecnico,2024-12-18 16:00:00
1614,Aire Acondicionado,3,ruido_exterior,8,32.7,3,3,1,89,normal,2024-01-20 09:00:00
1615,Cuarto Frio,5,alarmas,9,31.9,15,1,0,90,normal,2024-11-22 18:00:00
1616,Congelador,2,hielo_evaporador,6,26.4,11,11,1,74,tecnico,2025-01-04 17:00:00
1617,Refrigerador,1,compresor_no_voltaje_no,16,30.4,17,18,0,94,normal,2024-05-04 18:00:00
1618,Refrigerador,1,compresor_no_voltaje_si,8,24.0,3,3,1,89,tecnico,2024-05-20 18:00:00
1619,Aire Acondicionado,3,exterior_no_control_no,7,32.9,12,12,1,87,normal,2024-01-03 13:00:00
1620,Aire Acondicionado,3,filtros_limpios_presion_baja,11,30.1,1,1,1,77,normal,2024-08-24 16:00:00
1621,Congelador,2,comp_func_temp_0_10,3,32.5,1,1,1,76,normal,2024-12-30 16:00:00
1622,Enfriador Comercial,4,cristales_resist_no,6,29.4,16,16,1,96,normal,2024-08-31 15:00:00
1623,Refrigerador,1,compresor_no_voltaje_si,5,26.5,3,3,1,89,tecnico,2024-04-17 15:00:00
1624,Aire Acondicionado,3,gotea_nueva,4,32.6,9,9,1,72,tecnico,2024-02-10 17:00:00
1625,Enfriador Comercial,4,cristales_resist_no,19,34.8,16,16,1,96,normal,2025-01-19 12:00:00
1626,Enfriador Comercial,4,puertas_mal,6,32.3,10,10,1,95,normal,2024-11-15 12:00:00
1627,Cuarto Frio,5,cicla_hielo_no,6,29.6,1,1,1,94,tecnico,2024-04-30 13:00:00
1628,Cuarto Frio,5,trabaja_sin_parar_filt_no,5,22.4,1,8,0,93,normal,2024-04-21 10:00:00
1629,Refrigerador,1,ruido_burbujeo,4,33.5,1,10,0,73,normal,2024-06-29 19:00:00
1630,Aire Acondicionado,3,gotea_nueva,13,23.9,9,9,1,72,tecnico,2024-11-18 08:00:00
1631,Congelador,2,hielo_bordes,7,22.8,10,10,1,74,normal,2024-08-18 09:00:00
1632,Aire Acondicionado,3,gotea_nueva,4,34.0,9,9,1,72,normal,2024-08-25 17:00:00
1633,Aire Acondicionado,3,filtros_limpios_presion_normal,5,22.8,3,3,1,88,normal,2024-11-12 10:00:00
1634,Aire Acondicionado,3,codigo_error,8,20.1,12,13,0,81,normal,2024-07-28 07:00:00
1635,Congelador,2,hielo_bordes,4,24.9,10,10,1,74,normal,2025-01-15 16:00:00
1636,Enfriador Comercial,4,cristales_resist_no,7,27.1,16,16,1,96,tecnico,2024-08-22 12:00:00
1637,Aire Acondicionado,3,filtros_sucios,6,28.4,13,13,1,97,normal,2024-01-16 10:00:00
1638,Cuarto Frio,5,cicla_hielo_no,6,26.4,1,1,1,94,normal,2024-05-03 19:00:00
1639,Aire Acondicionado,3,ruido_interior,7,33.2,18,18,1,92,tecnico,2024-03-22 10:00:00
1640,Enfriador Comercial,4,puertas_mal,16,32.5,10,10,1,95,normal,2024-12-12 13:00:00
1641,Cuarto Frio,5,cicla_hielo_no,12,32.8,1,1,1,94,tecnico,2024-03-02 18:00:00
1642,Cuarto Frio,5,alarmas,19,30.8,15,15,1,90,normal,2025-01-06 07:00:00
1643,Congelador,2,hielo_evaporador,12,28.8,11,11,1,74,tecnico,2024-11-18 17:00:00
1644,Enfriador Comercial,4,cristales_resist_si,11,27.9,16,16,1,85,tecnico,2025-01-23 20:00:00
1645,Cuarto Frio,5,trabaja_sin_parar_filt_si,10,25.1,14,14,1,86,normal,2024-09-04 10:00:00
1646,Congelador,2,comp_func_temp_0_10,5,33.4,1,1,1,76,tecnico,2025-01-20 10:00:00
1647,Congelador,2,comp_no,4,22.4,4,4,1,80,normal,2024-10-31 07:00:00
1648,Aire Acondicionado,3,filtros_sucios,7,31.4,13,13,1,97,tecnico,2024-10-15 12:00:00
1649,Congelador,2,comp_no,15,32.1,4,4,1,80,normal,2024-05-30 09:00:00
1650,Aire Acondicionado,3,filtros_sucios,8,33.8,13,13,1,97,normal,2024-04-26 07:00:00
1651,Aire Acondicionado,3,codigo_error,4,26.3,12,12,1,81,tecnico,2024-09-21 13:00:00
1652,Enfriador Comercial,4,cristales_resist_no,13,27.4,16,3,0,96,normal,2024-09-13 12:00:00
1653,Cuarto Frio,5,cicla_hielo_si,5,34.2,11,15,0,87,normal,2024-07-13 07:00:00
1654,Refrigerador,1,compresor_no_voltaje_si,3,26.4,3,3,1,89,normal,2024-11-07 19:00:00
1655,Refrigerador,1,hielo_puerta_mala,3,23.8,10,10,1,77,normal,2025-01-17 20:00:00
1656,Cuarto Frio,5,trabaja_sin_parar_filt_no,10,29.0,1,1,1,93,normal,2024-11-16 08:00:00
1657,Congelador,2,hielo_bordes,1,24.3,10,1,0,74,tecnico,2024-01-29 14:00:00
1658,Cuarto Frio,5,consumo_alto_cf,4,27.4,8,8,1,86,tecnico,2024-12-19 17:00:00
1659,Aire Acondicionado,3,exterior_no_control_si,9,27.9,4,4,1,78,normal,2024-02-16 18:00:00
1660,Aire Acondicionado,3,filtros_limpios_presion_normal,14,29.3,3,3,1,88,normal,2024-04-16 10:00:00
1661,Aire Acondicionado,3,codigo_error,10,27.2,12,1,0,81,normal,2024-11-20 08:00:00
1662,Aire Acondicionado,3,ruido_interior,2,29.3,18,18,1,92,normal,2024-10-04 16:00:00
1663,Aire Acondicionado,3,codigo_error,7,24.2,12,1,0,81,tecnico,2024-08-14 19:00:00
1664,Aire Acondicionado,3,codigo_error,11,26.8,12,12,1,81,normal,2024-01-01 11:00:00
1665,Enfriador Comercial,4,cristales_resist_no,4,26.6,16,16,1,96,normal,2024-11-26 11:00:00
1666,Congelador,2,hielo_bordes,4,26.4,10,10,1,74,normal,2024-06-07 17:00:00
1667,Enfriador Comercial,4,comp_func_cond_limpio,17,33.4,1,8,0,87,tecnico,2024-08-28 14:00:00
1668,Aire Acondicionado,3,filtros_sucios,1,27.5,13,13,1,97,normal,2024-08-14 12:00:00
1669,Cuarto Frio,5,trabaja_sin_parar_filt_no,3,31.3,1,1,1,93,normal,2025-01-27 15:00:00
1670,Enfriador Comercial,4,comp_func_cond_limpio,9,30.8,1,8,0,87,normal,2024-03-20 12:00:00
1671,Aire Acondicionado,3,exterior_no_control_si,11,30.7,4,4,1,78,normal,2024-09-21 14:00:00
1672,Cuarto Frio,5,cicla_hielo_no,11,21.4,1,1,1,94,tecnico,2024-08-29 20:00:00
1673,Congelador,2,comp_no,2,27.1,4,4,1,80,normal,2024-08-05 16:00:00
1674,Enfriador Comercial,4,cristales_resist_si,0,32.2,16,1,0,85,tecnico,2024-06-30 17:00:00
1675,Aire Acondicionado,3,ruido_interior,11,35.2,18,18,1,92,tecnico,2024-05-30 20:00:00
1676,Congelador,2,comp_func_temp_0_10,5,29.8,1,8,0,76,normal,2025-01-13 10:00:00
1677,Aire Acondicionado,3,codigo_error,7,30.2,12,12,1,81,normal,2024-09-02 18:00:00
1678,Cuarto Frio,5,cicla_hielo_no,15,27.5,1,15,0,94,normal,2024-12-27 14:00:00
1679,Aire Acondicionado,3,exterior_no_control_no,19,27.8,12,12,1,87,normal,2024-10-02 12:00:00
1680,Enfriador Comercial,4,comp_no_ec,2,28.3,3,3,1,90,tecnico,2024-06-15 19:00:00
1681,Enfriador Comercial,4,comp_func_cond_sucio,13,24.6,8,8,1,92,normal,2024-06-16 16:00:00
1682,Cuarto Frio,5,alarmas,4,26.2,15,15,1,90,normal,2024-01-12 09:00:00
1683,Refrigerador,1,gotea,9,28.3,9,9,1,89,tecnico,2025-01-17 10:00:00
1684,Aire Acondicionado,3,gotea_antigua,6,19.0,9,9,1,94,normal,2024-12-12 18:00:00
1685,Congelador,2,comp_no,8,31.0,4,4,1,80,normal,2024-09-06 19:00:00
1686,Refrigerador,1,ruido_zumbido,1,28.1,18,6,0,83,normal,2024-08-11 07:00:00
1687,Cuarto Frio,5,cicla_hielo_si,11,23.8,11,11,1,87,tecnico,2024-10-16 08:00:00
1688,Cuarto Frio,5,trabaja_sin_parar_filt_si,7,29.3,14,14,1,86,tecnico,2024-02-14 16:00:00
1689,Enfriador Comercial,4,cristales_resist_no,9,29.6,16,16,1,96,tecnico,2024-08-26 14:00:00
1690,Aire Acondicionado,3,gotea_antigua,1,30.5,9,9,1,94,normal,2024-09-27 19:00:00
1691,Enfriador Comercial,4,comp_func_cond_limpio,6,27.5,1,1,1,87,normal,2024-06-14 13:00:00
1692,Aire Acondicionado,3,exterior_no_control_no,12,34.4,12,12,1,87,tecnico,2024-09-29 14:00:00
1693,Aire Acondicionado,3,codigo_error,14,34.0,12,12,1,81,normal,2024-03-16 10:00:00
1694,Congelador,2,comp_func_temp_mayor_0,2,25.1,3,3,1,96,tecnico,2024-01-21 19:00:00
1695,Aire Acondicionado,3,ruido_exterior,5,36.3,3,18,0,89,normal,2024-06-04 09:00:00
1696,Enfriador Comercial,4,comp_no_ec,4,32.4,3,10,0,90,normal,2024-08-13 08:00:00
1697,Enfriador Comercial,4,comp_func_cond_limpio,6,28.8,1,1,1,87,normal,2024-07-23 10:00:00
1698,Aire Acondicionado,3,gotea_nueva,8,22.4,9,9,1,72,tecnico,2024-09-16 16:00:00
1699,Cuarto Frio,5,trabaja_sin_parar_filt_si,3,31.4,14,14,1,86,normal,2024-06-11 13:00:00
1700,Aire Acondicionado,3,exterior_no_control_si,19,38.2,4,9,0,78,normal,2024-09-17 08:00:00
1701,Enfriador Comercial,4,comp_func_cond_limpio,0,30.3,1,1,1,87,normal,2024-06-07 20:00:00
1702,Refrigerador,1,compresor_no_voltaje_no,15,25.2,17,17,1,94,normal,2024-12-25 08:00:00
1703,Enfriador Comercial,4,cristales_resist_si,0,35.3,16,1,0,85,normal,2024-05-07 09:00:00
1704,Cuarto Frio,5,trabaja_sin_parar_filt_si,2,27.6,14,14,1,86,normal,2025-01-25 07:00:00
1705,Refrigerador,1,ruido_burbujeo,11,32.9,1,1,1,73,normal,2024-03-21 13:00:00
1706,Aire Acondicionado,3,filtros_sucios,15,24.6,13,13,1,97,tecnico,2024-12-08 09:00:00
1707,Congelador,2,comp_func_temp_0_10,11,31.7,1,1,1,76,normal,2024-05-15 16:00:00
1708,Congelador,2,comp_func_temp_0_10,11,29.5,1,1,1,76,tecnico,2024-01-18 18:00:00
1709,Aire Acondicionado,3,gotea_nueva,1,25.1,9,9,1,72,normal,2024-01-08 12:00:00
1710,Aire Acondicionado,3,filtros_limpios_presion_normal,6,32.8,3,3,1,88,tecnico,2024-08-25 13:00:00
1711,Cuarto Frio,5,cicla_hielo_no,2,24.5,1,1,1,94,normal,2024-05-11 09:00:00
1712,Congelador,2,consumo_alto,7,25.6,8,1,0,93,normal,2025-01-18 20:00:00
1713,Cuarto Frio,5,trabaja_sin_parar_filt_no,2,21.8,1,1,1,93,normal,2025-01-15 08:00:00
1714,Enfriador Comercial,4,comp_no_ec,13,28.3,3,3,1,90,normal,2024-04-04 18:00:00
1715,Congelador,2,comp_no,10,23.8,4,4,1,80,tecnico,2024-05-16 19:00:00
1716,Aire Acondicionado,3,gotea_antigua,6,30.3,9,9,1,94,normal,2024-01-18 18:00:00
1717,Enfriador Comercial,4,puertas_mal,1,29.8,10,10,1,95,normal,2024-05-01 09:00:00
1718,Enfriador Comercial,4,comp_no_ec,0,31.4,3,3,1,90,tecnico,2024-04-06 17:00:00
1719,Cuarto Frio,5,cicla_hielo_no,6,30.2,1,1,1,94,normal,2024-05-23 17:00:00
1720,Cuarto Frio,5,cicla_hielo_si,5,34.4,11,14,0,87,normal,2024-09-06 19:00:00
1721,Cuarto Frio,5,cicla_hielo_no,9,27.2,1,1,1,94,normal,2024-07-06 13:00:00
1722,Refrigerador,1,ruido_zumbido,2,25.8,18,18,1,83,normal,2024-02-26 08:00:00
1723,Cuarto Frio,5,alarmas,4,31.4,15,15,1,90,tecnico,2024-02-12 20:00:00
1724,Cuarto Frio,5,trabaja_sin_parar_filt_no,6,26.6,1,11,0,93,normal,2024-12-14 10:00:00
1725,Refrigerador,1,escarcha_poca_burbujeo_no,10,25.7,2,2,1,78,tecnico,2024-09-25 07:00:00
1726,Cuarto Frio,5,cicla_hielo_si,7,33.3,11,11,1,87,tecnico,2024-03-26 12:00:00
1727,Aire Acondicionado,3,filtros_limpios_presion_normal,9,23.8,3,3,1,88,tecnico,2025-01-01 09:00:00
1728,Cuarto Frio,5,consumo_alto_cf,6,23.1,8,8,1,86,normal,2024-07-24 11:00:00
1729,Enfriador Comercial,4,cristales_resist_no,17,32.5,16,16,1,96,tecnico,2024-01-01 08:00:00
1730,Congelador,2,consumo_alto,7,26.2,8,8,1,93,tecnico,2024-11-09 16:00:00
1731,Refrigerador,1,escarcha_mucha_ventilador_si,10,31.9,5,5,1,88,tecnico,2024-05-04 13:00:00
1732,Aire Acondicionado,3,gotea_nueva,6,32.5,9,9,1,72,tecnico,2024-02-06 10:00:00
1733,Congelador,2,comp_func_temp_mayor_0,13,33.7,3,3,1,96,normal,2024-12-10 11:00:00
1734,Congelador,2,comp_func_temp_0_10,9,33.6,1,8,0,76,normal,2025-01-30 17:00:00
1735,Cuarto Frio,5,cicla_hielo_no,4,22.1,1,1,1,94,normal,2024-03-19 08:00:00
1736,Congelador,2,comp_no,15,31.8,4,4,1,80,tecnico,2024-05-10 08:00:00
1737,Enfriador Comercial,4,cristales_resist_si,8,33.4,16,16,1,85,tecnico,2024-04-25 15:00:00
1738,Refrigerador,1,escarcha_mucha_ventilador_no,20,24.7,6,6,1,73,normal,2024-07-04 10:00:00
1739,Enfriador Comercial,4,puertas_mal,16,24.0,10,10,1,95,normal,2025-01-05 18:00:00
1740,Congelador,2,comp_no,9,31.7,4,4,1,80,normal,2024-05-08 12:00:00
1741,Refrigerador,1,escarcha_mucha_ventilador_si,2,30.0,5,5,1,88,normal,2024-12-06 11:00:00
1742,Refrigerador,1,gotea,12,26.2,9,9,1,89,normal,2024-10-16 13:00:00
1743,Cuarto Frio,5,consumo_alto_cf,13,28.4,8,8,1,86,tecnico,2024-11-25 08:00:00
1744,Cuarto Frio,5,trabaja_sin_parar_filt_si,2,28.0,14,14,1,86,normal,2024-12-10 18:00:00
1745,Cuarto Frio,5,cicla_hielo_no,11,28.8,1,1,1,94,normal,2024-08-23 16:00:00
1746,Cuarto Frio,5,trabaja_sin_parar_filt_si,15,27.9,14,14,1,86,normal,2025-02-02 13:00:00
1747,Refrigerador,1,escarcha_poca_burbujeo_no,8,38.6,2,2,1,78,tecnico,2024-01-15 18:00:00
1748,Enfriador Comercial,4,comp_no_ec,5,30.5,3,3,1,90,normal,2024-05-07 11:00:00
1749,Enfriador Comercial,4,comp_func_cond_limpio,5,27.2,1,1,1,87,normal,2024-10-12 19:00:00
1750,Cuarto Frio,5,alarmas,5,23.6,15,15,1,90,normal,2024-03-29 20:00:00
1751,Enfriador Comercial,4,comp_func_cond_limpio,5,24.1,1,1,1,87,normal,2024-06-05 08:00:00
1752,Refrigerador,1,hielo_puerta_mala,6,24.6,10,10,1,77,normal,2025-01-22 13:00:00
1753,Aire Acondicionado,3,exterior_no_control_no,12,25.4,12,12,1,87,normal,2024-03-22 09:00:00
1754,Congelador,2,comp_func_temp_0_10,2,29.3,1,1,1,76,tecnico,2024-12-24 17:00:00
1755,Cuarto Frio,5,cicla_hielo_si,10,25.1,11,11,1,87,normal,2024-02-16 18:00:00
1756,Cuarto Frio,5,alarmas,6,28.0,15,15,1,90,tecnico,2024-09-29 12:00:00
1757,Enfriador Comercial,4,comp_func_cond_sucio,14,37.0,8,8,1,92,tecnico,2024-05-30 16:00:00
1758,Cuarto Frio,5,trabaja_sin_parar_filt_si,5,35.1,14,14,1,86,tecnico,2024-05-05 15:00:00
1759,Aire Acondicionado,3,exterior_no_control_no,0,30.0,12,12,1,87,tecnico,2024-08-13 17:00:00
1760,Aire Acondicionado,3,filtros_sucios,0,35.1,13,13,1,97,normal,2024-11-09 14:00:00
1761,Enfriador Comercial,4,cristales_resist_si,7,31.6,16,16,1,85,normal,2024-07-23 17:00:00
1762,Cuarto Frio,5,cicla_hielo_no,10,29.0,1,1,1,94,tecnico,2024-05-14 13:00:00
1763,Congelador,2,comp_no,13,32.2,4,4,1,80,tecnico,2024-03-09 12:00:00
1764,Aire Acondicionado,3,ruido_exterior,8,27.6,3,3,1,89,tecnico,2024-09-16 18:00:00
1765,Enfriador Comercial,4,cristales_resist_no,5,30.9,16,16,1,96,tecnico,2024-11-26 15:00:00
1766,Aire Acondicionado,3,ruido_interior,4,23.9,18,18,1,92,normal,2024-08-12 14:00:00
1767,Cuarto Frio,5,cicla_hielo_no,1,29.8,1,1,1,94,normal,2024-06-26 14:00:00
1768,Aire Acondicionado,3,filtros_limpios_presion_normal,9,29.0,3,3,1,88,tecnico,2024-10-18 11:00:00
1769,Refrigerador,1,hielo_puerta_bien,8,22.8,11,11,1,85,normal,2024-12-04 14:00:00
1770,Congelador,2,hielo_bordes,9,31.9,10,10,1,74,normal,2024-09-17 13:00:00
1771,Aire Acondicionado,3,ruido_exterior,18,22.2,3,3,1,89,tecnico,2024-10-27 08:00:00
1772,Refrigerador,1,ruido_burbujeo,1,24.9,1,1,1,73,normal,2024-04-09 10:00:00
1773,Cuarto Frio,5,trabaja_sin_parar_filt_no,12,38.0,1,1,1,93,normal,2024-07-25 16:00:00
1774,Enfriador Comercial,4,cristales_resist_si,5,30.7,16,16,1,85,tecnico,2024-04-03 08:00:00
1775,Congelador,2,comp_no,3,26.2,4,4,1,80,normal,2024-04-12 10:00:00
1776,Congelador,2,consumo_alto,8,30.3,8,8,1,93,tecnico,2024-09-25 11:00:00
1777,Refrigerador,1,ruido_burbujeo,1,23.3,1,1,1,73,normal,2024-09-27 07:00:00
1778,Refrigerador,1,compresor_no_voltaje_si,5,26.9,3,3,1,89,tecnico,2024-10-15 12:00:00
1779,Refrigerador,1,escarcha_poca_burbujeo_si,3,27.2,1,1,1,79,normal,2024-12-15 09:00:00
1780,Cuarto Frio,5,cicla_hielo_si,8,27.3,11,8,0,87,normal,2024-08-15 07:00:00
1781,Cuarto Frio,5,trabaja_sin_parar_filt_si,15,34.4,14,14,1,86,tecnico,2024-05-29 08:00:00
1782,Congelador,2,consumo_alto,3,24.4,8,8,1,93,tecnico,2024-09-11 10:00:00
1783,Cuarto Frio,5,trabaja_sin_parar_filt_no,20,37.3,1,1,1,93,normal,2024-08-17 08:00:00
1784,Cuarto Frio,5,trabaja_sin_parar_filt_si,5,24.5,14,14,1,86,normal,2024-09-08 10:00:00
1785,Enfriador Comercial,4,comp_func_cond_limpio,5,36.8,1,3,0,87,tecnico,2024-02-16 17:00:00
1786,Congelador,2,hielo_bordes,8,24.5,10,10,1,74,normal,2025-01-22 15:00:00
1787,Aire Acondicionado,3,exterior_no_control_no,5,26.5,12,9,0,87,normal,2024-07-12 08:00:00
1788,Enfriador Comercial,4,comp_func_cond_limpio,7,29.9,1,1,1,87,normal,2024-07-18 11:00:00
1789,Enfriador Comercial,4,comp_no_ec,11,27.5,3,3,1,90,tecnico,2024-06-06 16:00:00
1790,Cuarto Frio,5,consumo_alto_cf,3,24.4,8,8,1,86,normal,2024-01-15 07:00:00
1791,Congelador,2,hielo_evaporador,3,30.3,11,8,0,74,tecnico,2024-09-25 20:00:00
1792,Aire Acondicionado,3,ruido_exterior,5,28.7,3,3,1,89,tecnico,2024-02-20 14:00:00
1793,Aire Acondicionado,3,exterior_no_control_si,10,31.4,4,4,1,78,normal,2024-01-08 07:00:00
1794,Enfriador Comercial,4,comp_func_cond_sucio,13,30.2,8,8,1,92,normal,2024-05-03 17:00:00
1795,Congelador,2,comp_func_temp_mayor_0,19,30.8,3,3,1,96,normal,2024-05-06 16:00:00
1796,Congelador,2,hielo_evaporador,9,25.6,11,11,1,74,tecnico,2024-06-07 10:00:00
1797,Congelador,2,hielo_evaporador,9,25.4,11,11,1,74,tecnico,2025-02-02 14:00:00
1798,Congelador,2,hielo_bordes,0,31.1,10,10,1,74,normal,2025-01-27 14:00:00
1799,Aire Acondicionado,3,exterior_no_control_si,1,30.8,4,1,0,78,normal,2024-06-16 09:00:00
1800,Congelador,2,consumo_alto,10,30.5,8,8,1,93,normal,2024-05-26 11:00:00
1801,Cuarto Frio,5,cicla_hielo_si,2,34.4,11,1,0,87,normal,2024-09-11 10:00:00
1802,Aire Acondicionado,3,ruido_exterior,20,34.1,3,18,0,89,normal,2024-04-27 07:00:00
1803,Enfriador Comercial,4,comp_func_cond_sucio,1,28.5,8,8,1,92,normal,2025-01-13 09:00:00
1804,Enfriador Comercial,4,cristales_resist_no,11,27.6,16,16,1,96,normal,2024-04-06 19:00:00
1805,Aire Acondicionado,3,gotea_antigua,0,31.3,9,9,1,94,normal,2024-03-30 12:00:00
1806,Enfriador Comercial,4,comp_func_cond_sucio,14,29.2,8,8,1,92,normal,2024-05-29 15:00:00
1807,Refrigerador,1,escarcha_poca_burbujeo_no,3,31.0,2,2,1,78,tecnico,2024-02-05 20:00:00
1808,Aire Acondicionado,3,codigo_error,7,34.5,12,12,1,81,normal,2024-06-11 07:00:00
1809,Refrigerador,1,hielo_puerta_mala,1,28.3,10,10,1,77,tecnico,2024-06-13 12:00:00
1810,Refrigerador,1,escarcha_poca_burbujeo_si,14,28.9,1,1,1,79,normal,2024-01-02 16:00:00
1811,Refrigerador,1,compresor_no_voltaje_no,11,31.1,17,17,1,94,normal,2024-02-07 07:00:00
1812,Enfriador Comercial,4,cristales_resist_no,9,30.9,16,16,1,96,normal,2024-08-18 18:00:00
1813,Aire Acondicionado,3,ruido_interior,8,22.3,18,18,1,92,tecnico,2024-03-19 14:00:00
1814,Cuarto Frio,5,cicla_hielo_si,3,38.8,11,11,1,87,tecnico,2024-07-17 11:00:00
1815,Aire Acondicionado,3,gotea_antigua,10,25.9,9,9,1,94,normal,2024-10-04 20:00:00
1816,Aire Acondicionado,3,gotea_nueva,2,30.4,9,9,1,72,normal,2024-07-26 13:00:00
1817,Enfriador Comercial,4,cristales_resist_si,10,25.3,16,16,1,85,normal,2024-07-23 09:00:00
1818,Cuarto Frio,5,trabaja_sin_parar_filt_no,4,30.4,1,1,1,93,normal,2025-01-08 17:00:00
1819,Cuarto Frio,5,cicla_hielo_si,13,22.5,11,11,1,87,normal,2024-04-19 13:00:00
1820,Aire Acondicionado,3,ruido_interior,2,27.0,18,18,1,92,normal,2025-01-31 20:00:00
1821,Cuarto Frio,5,cicla_hielo_no,1,30.0,1,1,1,94,normal,2024-09-21 13:00:00
1822,Aire Acondicionado,3,ruido_interior,0,34.0,18,18,1,92,normal,2024-03-29 11:00:00
1823,Cuarto Frio,5,trabaja_sin_parar_filt_no,9,22.6,1,1,1,93,normal,2024-05-05 20:00:00
1824,Aire Acondicionado,3,ruido_interior,5,25.7,18,12,0,92,normal,2024-11-17 07:00:00
1825,Refrigerador,1,gotea,1,37.9,9,9,1,89,normal,2024-02-16 12:00:00
1826,Congelador,2,comp_func_temp_mayor_0,10,30.2,3,3,1,96,normal,2024-02-03 12:00:00
1827,Cuarto Frio,5,cicla_hielo_si,8,31.1,11,11,1,87,normal,2024-02-21 19:00:00
1828,Cuarto Frio,5,trabaja_sin_parar_filt_no,13,25.0,1,3,0,93,normal,2024-09-29 16:00:00
1829,Enfriador Comercial,4,comp_func_cond_sucio,8,24.7,8,8,1,92,tecnico,2024-05-07 08:00:00
1830,Aire Acondicionado,3,ruido_interior,1,24.5,18,18,1,92,tecnico,2024-08-30 13:00:00
1831,Enfriador Comercial,4,comp_func_cond_sucio,11,18.8,8,8,1,92,normal,2024-10-19 09:00:00
1832,Enfriador Comercial,4,comp_func_cond_limpio,17,22.9,1,10,0,87,tecnico,2024-02-13 12:00:00
1833,Refrigerador,1,escarcha_poca_burbujeo_si,2,27.8,1,1,1,79,tecnico,2024-12-08 10:00:00
1834,Congelador,2,comp_no,10,32.8,4,1,0,80,normal,2024-09-10 07:00:00
1835,Cuarto Frio,5,consumo_alto_cf,6,32.8,8,8,1,86,normal,2024-09-23 07:00:00
1836,Enfriador Comercial,4,comp_no_ec,14,35.8,3,3,1,90,normal,2024-06-05 11:00:00
1837,Enfriador Comercial,4,cristales_resist_si,5,27.1,16,16,1,85,normal,2024-06-19 15:00:00
1838,Refrigerador,1,escarcha_poca_burbujeo_si,13,41.9,1,2,0,79,tecnico,2024-01-10 11:00:00
1839,Enfriador Comercial,4,comp_func_cond_sucio,14,28.2,8,8,1,92,normal,2024-06-20 12:00:00
1840,Cuarto Frio,5,cicla_hielo_no,6,29.7,1,1,1,94,tecnico,2025-01-03 11:00:00
1841,Cuarto Frio,5,trabaja_sin_parar_filt_no,7,28.1,1,1,1,93,normal,2024-12-07 12:00:00
1842,Cuarto Frio,5,trabaja_sin_parar_filt_si,0,37.8,14,14,1,86,tecnico,2024-05-04 08:00:00
1843,Aire Acondicionado,3,gotea_antigua,1,26.4,9,9,1,94,normal,2025-01-05 07:00:00
1844,Congelador,2,hielo_bordes,1,27.7,10,10,1,74,tecnico,2024-08-23 17:00:00
1845,Congelador,2,consumo_alto,2,33.5,8,8,1,93,tecnico,2024-02-11 09:00:00
1846,Refrigerador,1,hielo_puerta_bien,15,33.3,11,11,1,85,tecnico,2024-04-29 10:00:00
1847,Refrigerador,1,hielo_puerta_bien,1,26.9,11,11,1,85,normal,2024-09-10 16:00:00
1848,Aire Acondicionado,3,ruido_interior,4,33.4,18,18,1,92,tecnico,2024-02-01 14:00:00
1849,Aire Acondicionado,3,ruido_exterior,0,30.2,3,3,1,89,normal,2024-04-06 18:00:00
1850,Refrigerador,1,hielo_puerta_bien,10,31.4,11,11,1,85,tecnico,2025-01-22 10:00:00
1851,Aire Acondicionado,3,gotea_nueva,8,24.5,9,9,1,72,normal,2024-08-06 11:00:00
1852,Congelador,2,consumo_alto,4,26.0,8,8,1,93,tecnico,2024-12-15 11:00:00
1853,Congelador,2,comp_func_temp_mayor_0,1,32.4,3,3,1,96,normal,2024-08-08 08:00:00
1854,Enfriador Comercial,4,comp_func_cond_limpio,17,30.4,1,1,1,87,normal,2025-01-29 12:00:00
1855,Cuarto Frio,5,alarmas,16,23.2,15,15,1,90,normal,2024-09-02 12:00:00
1856,Enfriador Comercial,4,comp_no_ec,10,26.3,3,3,1,90,tecnico,2024-04-07 10:00:00
1857,Cuarto Frio,5,trabaja_sin_parar_filt_no,0,26.3,1,1,1,93,tecnico,2024-07-25 14:00:00
1858,Enfriador Comercial,4,cristales_resist_si,2,32.6,16,16,1,85,normal,2024-01-13 20:00:00
1859,Aire Acondicionado,3,gotea_antigua,5,30.6,9,9,1,94,normal,2024-12-04 09:00:00
1860,Aire Acondicionado,3,codigo_error,15,27.3,12,12,1,81,normal,2024-08-29 09:00:00
1861,Congelador,2,comp_no,3,26.7,4,11,0,80,normal,2024-04-07 14:00:00
1862,Cuarto Frio,5,alarmas,7,29.0,15,15,1,90,tecnico,2024-09-06 17:00:00
1863,Refrigerador,1,compresor_no_voltaje_si,16,32.2,3,3,1,89,normal,2024-04-30 15:00:00
1864,Enfriador Comercial,4,comp_func_cond_sucio,6,30.4,8,8,1,92,normal,2024-03-22 12:00:00
1865,Congelador,2,consumo_alto,8,24.9,8,8,1,93,normal,2024-07-10 19:00:00
1866,Aire Acondicionado,3,gotea_antigua,8,25.5,9,9,1,94,normal,2024-07-08 13:00:00
1867,Aire Acondicionado,3,exterior_no_control_si,15,25.7,4,18,0,78,tecnico,2024-08-31 19:00:00
1868,Congelador,2,hielo_bordes,5,20.9,10,3,0,74,tecnico,2024-06-13 19:00:00
1869,Cuarto Frio,5,trabaja_sin_parar_filt_no,10,23.3,1,1,1,93,normal,2024-01-10 12:00:00
1870,Cuarto Frio,5,trabaja_sin_parar_filt_si,5,24.4,14,14,1,86,normal,2024-09-27 14:00:00
1871,Enfriador Comercial,4,cristales_resist_no,13,35.1,16,16,1,96,normal,2024-04-08 19:00:00
1872,Congelador,2,consumo_alto,2,26.9,8,8,1,93,normal,2024-05-06 10:00:00
1873,Refrigerador,1,compresor_no_voltaje_si,5,25.3,3,3,1,89,tecnico,2024-09-05 12:00:00
1874,Cuarto Frio,5,consumo_alto_cf,3,25.5,8,8,1,86,normal,2024-11-01 16:00:00
1875,Refrigerador,1,compresor_no_clic_si,10,28.8,4,4,1,90,normal,2024-07-11 13:00:00
1876,Refrigerador,1,compresor_no_clic_si,4,26.4,4,4,1,90,normal,2024-11-29 17:00:00
1877,Enfriador Comercial,4,comp_func_cond_limpio,5,31.0,1,1,1,87,normal,2024-03-21 16:00:00
1878,Enfriador Comercial,4,comp_no_ec,2,16.6,3,3,1,90,normal,2024-12-27 16:00:00
1879,Enfriador Comercial,4,comp_no_ec,3,35.9,3,3,1,90,tecnico,2024-10-09 14:00:00
1880,Congelador,2,comp_func_temp_mayor_0,5,36.2,3,3,1,96,normal,2024-11-17 13:00:00
1881,Congelador,2,hielo_evaporador,3,23.9,11,11,1,74,normal,2025-01-22 16:00:00
1882,Refrigerador,1,ruido_zumbido,1,24.6,18,18,1,83,normal,2024-02-02 08:00:00
1883,Aire Acondicionado,3,filtros_sucios,2,32.3,13,13,1,97,normal,2024-07-01 12:00:00
1884,Refrigerador,1,compresor_no_voltaje_no,5,34.4,17,17,1,94,normal,2024-02-01 15:00:00
1885,Enfriador Comercial,4,puertas_mal,11,27.3,10,10,1,95,normal,2024-03-22 08:00:00
1886,Congelador,2,comp_func_temp_mayor_0,4,24.3,3,3,1,96,normal,2024-01-27 17:00:00
1887,Aire Acondicionado,3,ruido_interior,0,29.6,18,18,1,92,tecnico,2024-09-13 12:00:00
1888,Congelador,2,hielo_evaporador,10,31.9,11,11,1,74,normal,2025-01-26 11:00:00
1889,Enfriador Comercial,4,comp_func_cond_limpio,9,27.4,1,1,1,87,normal,2024-04-16 10:00:00
1890,Cuarto Frio,5,cicla_hielo_no,0,24.2,1,1,1,94,normal,2024-07-07 15:00:00
1891,Aire Acondicionado,3,gotea_nueva,3,20.3,9,4,0,72,normal,2024-07-10 15:00:00
1892,Enfriador Comercial,4,comp_func_cond_sucio,12,27.0,8,8,1,92,normal,2024-04-10 12:00:00
1893,Congelador,2,hielo_evaporador,2,28.8,11,11,1,74,normal,2024-09-19 19:00:00
1894,Enfriador Comercial,4,comp_func_cond_sucio,3,29.9,8,8,1,92,tecnico,2025-01-15 20:00:00
1895,Aire Acondicionado,3,exterior_no_control_si,10,28.7,4,4,1,78,normal,2024-10-30 20:00:00
1896,Congelador,2,comp_no,6,25.6,4,4,1,80,normal,2024-05-09 10:00:00
1897,Cuarto Frio,5,trabaja_sin_parar_filt_si,5,29.5,14,14,1,86,normal,2025-01-03 13:00:00
1898,Congelador,2,hielo_evaporador,18,31.5,11,11,1,74,normal,2024-09-08 14:00:00
1899,Cuarto Frio,5,consumo_alto_cf,4,36.9,8,8,1,86,normal,2024-01-01 20:00:00
1900,Refrigerador,1,ruido_burbujeo,1,28.3,1,1,1,73,normal,2024-01-01 11:00:00
1901,Enfriador Comercial,4,cristales_resist_si,10,30.8,16,16,1,85,normal,2024-08-04 18:00:00
1902,Congelador,2,comp_func_temp_0_10,4,28.6,1,1,1,76,normal,2024-01-18 08:00:00
1903,Congelador,2,comp_func_temp_mayor_0,4,36.6,3,3,1,96,normal,2024-11-21 18:00:00
1904,Refrigerador,1,ruido_vibracion,3,25.4,3,3,1,74,tecnico,2024-08-21 20:00:00
1905,Cuarto Frio,5,alarmas,7,28.2,15,15,1,90,tecnico,2024-03-19 10:00:00
1906,Refrigerador,1,compresor_no_voltaje_no,9,35.2,17,17,1,94,normal,2024-08-26 13:00:00
1907,Aire Acondicionado,3,filtros_limpios_presion_baja,8,30.4,1,1,1,77,normal,2024-05-24 18:00:00
1908,Enfriador Comercial,4,comp_func_cond_sucio,11,29.4,8,8,1,92,normal,2024-04-06 10:00:00
1909,Enfriador Comercial,4,comp_func_cond_limpio,20,34.0,1,1,1,87,tecnico,2024-04-28 18:00:00
1910,Refrigerador,1,compresor_no_clic_si,5,30.4,4,4,1,90,normal,2024-08-29 15:00:00
1911,Aire Acondicionado,3,gotea_antigua,9,25.5,9,9,1,94,tecnico,2024-06-26 13:00:00
1912,Aire Acondicionado,3,codigo_error,6,32.7,12,12,1,81,normal,2024-05-29 09:00:00
1913,Enfriador Comercial,4,puertas_mal,7,26.3,10,10,1,95,tecnico,2024-06-19 12:00:00
1914,Enfriador Comercial,4,cristales_resist_si,10,32.3,16,3,0,85,tecnico,2024-06-24 15:00:00
1915,Aire Acondicionado,3,codigo_error,5,24.6,12,13,0,81,normal,2024-04-15 20:00:00
1916,Enfriador Comercial,4,comp_func_cond_limpio,12,24.1,1,3,0,87,normal,2024-10-21 07:00:00
1917,Congelador,2,hielo_bordes,9,30.5,10,10,1,74,normal,2024-02-29 12:00:00
1918,Congelador,2,hielo_bordes,15,31.5,10,10,1,74,tecnico,2024-04-22 16:00:00
1919,Congelador,2,consumo_alto,6,29.0,8,8,1,93,normal,2024-12-21 19:00:00
1920,Aire Acondicionado,3,filtros_limpios_presion_baja,13,27.1,1,3,0,77,normal,2024-02-06 18:00:00
1921,Congelador,2,comp_func_temp_mayor_0,10,28.1,3,3,1,96,tecnico,2024-04-07 07:00:00
1922,Refrigerador,1,escarcha_mucha_ventilador_si,4,31.6,5,5,1,88,tecnico,2024-12-14 08:00:00
1923,Refrigerador,1,compresor_no_clic_si,6,36.1,4,4,1,90,normal,2024-11-01 11:00:00
1924,Congelador,2,hielo_evaporador,5,35.5,11,11,1,74,normal,2024-09-01 17:00:00
1925,Cuarto Frio,5,consumo_alto_cf,0,28.0,8,8,1,86,normal,2024-12-24 14:00:00
1926,Enfriador Comercial,4,cristales_resist_no,11,29.1,16,16,1,96,normal,2024-06-28 17:00:00
1927,Enfriador Comercial,4,comp_func_cond_limpio,5,35.6,1,8,0,87,normal,2024-02-17 08:00:00
1928,Aire Acondicionado,3,filtros_limpios_presion_normal,6,27.4,3,3,1,88,normal,2024-08-28 07:00:00
1929,Congelador,2,comp_no,7,27.8,4,4,1,80,normal,2024-12-16 09:00:00
1930,Cuarto Frio,5,alarmas,11,24.8,15,14,0,90,normal,2024-04-02 14:00:00
1931,Congelador,2,consumo_alto,8,30.6,8,8,1,93,normal,2024-03-01 18:00:00
1932,Cuarto Frio,5,cicla_hielo_no,3,24.3,1,1,1,94,tecnico,2024-01-21 11:00:00
1933,Cuarto Frio,5,cicla_hielo_si,6,24.9,11,11,1,87,normal,2024-05-07 07:00:00
1934,Enfriador Comercial,4,puertas_mal,11,19.3,10,10,1,95,tecnico,2024-01-23 11:00:00
1935,Aire Acondicionado,3,exterior_no_control_si,5,25.8,4,4,1,78,normal,2024-12-24 08:00:00
1936,Refrigerador,1,escarcha_poca_burbujeo_si,2,21.9,1,1,1,79,tecnico,2024-10-15 07:00:00
1937,Enfriador Comercial,4,cristales_resist_si,5,28.7,16,16,1,85,normal,2024-11-21 15:00:00
1938,Refrigerador,1,compresor_no_voltaje_no,6,28.2,17,17,1,94,normal,2024-08-04 08:00:00
1939,Refrigerador,1,escarcha_mucha_ventilador_no,4,32.6,6,6,1,73,tecnico,2024-03-11 08:00:00
1940,Refrigerador,1,escarcha_poca_burbujeo_si,1,27.8,1,1,1,79,normal,2024-12-03 15:00:00
1941,Congelador,2,hielo_bordes,4,35.5,10,10,1,74,normal,2024-10-13 07:00:00
1942,Aire Acondicionado,3,exterior_no_control_si,2,31.9,4,4,1,78,tecnico,2024-01-06 12:00:00
1943,Refrigerador,1,ruido_zumbido,11,33.5,18,18,1,83,normal,2024-03-11 12:00:00
1944,Aire Acondicionado,3,ruido_interior,11,32.9,18,18,1,92,normal,2024-09-02 10:00:00
1945,Refrigerador,1,escarcha_poca_burbujeo_si,6,25.7,1,4,0,79,normal,2024-09-18 09:00:00
1946,Refrigerador,1,ruido_vibracion,7,25.3,3,18,0,74,normal,2024-11-16 19:00:00
1947,Enfriador Comercial,4,puertas_mal,5,29.5,10,10,1,95,normal,2024-06-13 19:00:00
1948,Enfriador Comercial,4,comp_func_cond_limpio,3,32.1,1,1,1,87,normal,2024-08-18 16:00:00
1949,Aire Acondicionado,3,filtros_sucios,7,33.5,13,13,1,97,tecnico,2024-11-21 09:00:00
1950,Aire Acondicionado,3,codigo_error,7,27.5,12,12,1,81,normal,2024-11-03 07:00:00
1951,Enfriador Comercial,4,comp_func_cond_limpio,8,27.0,1,1,1,87,normal,2024-05-22 13:00:00
1952,Congelador,2,hielo_evaporador,9,22.4,11,4,0,74,normal,2024-10-01 16:00:00
1953,Congelador,2,comp_no,12,24.5,4,4,1,80,tecnico,2024-10-28 18:00:00
1954,Cuarto Frio,5,alarmas,8,29.9,15,15,1,90,normal,2024-08-28 12:00:00
1955,Refrigerador,1,hielo_puerta_bien,7,26.4,11,11,1,85,normal,2024-05-17 11:00:00
1956,Congelador,2,hielo_bordes,7,33.0,10,10,1,74,tecnico,2024-05-02 16:00:00
1957,Aire Acondicionado,3,gotea_antigua,17,30.3,9,9,1,94,normal,2024-11-02 13:00:00
1958,Aire Acondicionado,3,codigo_error,13,32.4,12,12,1,81,tecnico,2024-05-31 10:00:00
1959,Congelador,2,consumo_alto,7,25.9,8,8,1,93,normal,2025-01-05 18:00:00
1960,Congelador,2,consumo_alto,4,35.5,8,8,1,93,normal,2024-06-21 09:00:00
1961,Enfriador Comercial,4,comp_no_ec,4,25.8,3,3,1,90,normal,2024-03-15 11:00:00
1962,Cuarto Frio,5,trabaja_sin_parar_filt_si,4,29.3,14,15,0,86,normal,2024-04-06 19:00:00
1963,Congelador,2,hielo_evaporador,6,34.3,11,11,1,74,normal,2024-04-11 11:00:00
1964,Refrigerador,1,compresor_no_voltaje_no,8,28.7,17,17,1,94,normal,2024-08-11 13:00:00
1965,Congelador,2,comp_func_temp_0_10,2,33.8,1,1,1,76,normal,2024-02-25 15:00:00
1966,Cuarto Frio,5,cicla_hielo_si,2,33.7,11,11,1,87,tecnico,2024-08-04 10:00:00
1967,Refrigerador,1,hielo_puerta_mala,8,32.6,10,10,1,77,normal,2024-08-08 10:00:00
1968,Aire Acondicionado,3,exterior_no_control_si,8,29.2,4,4,1,78,normal,2024-10-09 12:00:00
1969,Aire Acondicionado,3,filtros_sucios,0,23.1,13,13,1,97,tecnico,2024-07-15 10:00:00
1970,Cuarto Frio,5,consumo_alto_cf,0,25.6,8,8,1,86,normal,2024-11-10 11:00:00
1971,Enfriador Comercial,4,comp_func_cond_limpio,1,30.6,1,1,1,87,normal,2024-03-29 10:00:00
1972,Congelador,2,comp_func_temp_0_10,0,26.7,1,1,1,76,normal,2024-11-03 20:00:00
1973,Enfriador Comercial,4,cristales_resist_si,3,30.3,16,16,1,85,normal,2025-01-13 13:00:00
1974,Cuarto Frio,5,cicla_hielo_no,0,30.0,1,1,1,94,normal,2024-12-10 14:00:00
1975,Enfriador Comercial,4,cristales_resist_no,5,33.7,16,16,1,96,normal,2024-04-15 12:00:00
1976,Aire Acondicionado,3,filtros_limpios_presion_normal,8,29.6,3,3,1,88,normal,2024-07-25 10:00:00
1977,Aire Acondicionado,3,gotea_antigua,5,28.0,9,9,1,94,normal,2024-08-28 07:00:00
1978,Cuarto Frio,5,trabaja_sin_parar_filt_no,9,35.3,1,1,1,93,tecnico,2024-01-12 13:00:00
1979,Cuarto Frio,5,cicla_hielo_si,5,33.2,11,11,1,87,normal,2024-08-11 11:00:00
1980,Congelador,2,comp_func_temp_mayor_0,4,29.5,3,3,1,96,normal,2024-03-21 09:00:00
1981,Aire Acondicionado,3,codigo_error,9,23.1,12,9,0,81,normal,2025-01-24 10:00:00
1982,Refrigerador,1,hielo_puerta_bien,14,24.7,11,11,1,85,normal,2024-01-26 11:00:00
1983,Refrigerador,1,ruido_zumbido,15,25.8,18,18,1,83,tecnico,2024-04-27 13:00:00
1984,Congelador,2,comp_func_temp_mayor_0,7,30.0,3,3,1,96,normal,2024-01-27 16:00:00
1985,Aire Acondicionado,3,exterior_no_control_no,7,36.9,12,12,1,87,tecnico,2024-04-10 16:00:00
1986,Refrigerador,1,escarcha_mucha_ventilador_no,11,26.0,6,6,1,73,tecnico,2024-09-30 08:00:00
1987,Enfriador Comercial,4,cristales_resist_no,10,28.6,16,16,1,96,normal,2024-01-05 12:00:00
1988,Aire Acondicionado,3,exterior_no_control_no,7,26.7,12,12,1,87,normal,2024-01-30 13:00:00
1989,Aire Acondicionado,3,filtros_sucios,1,30.2,13,13,1,97,tecnico,2024-10-20 19:00:00
1990,Congelador,2,hielo_evaporador,4,30.8,11,11,1,74,normal,2024-05-07 09:00:00
1991,Cuarto Frio,5,trabaja_sin_parar_filt_si,1,28.9,14,14,1,86,tecnico,2024-12-12 19:00:00
1992,Enfriador Comercial,4,cristales_resist_no,7,29.1,16,16,1,96,normal,2024-11-27 15:00:00
1993,Congelador,2,hielo_bordes,8,31.1,10,10,1,74,tecnico,2024-03-26 15:00:00
1994,Enfriador Comercial,4,comp_func_cond_sucio,11,25.5,8,8,1,92,normal,2024-07-07 20:00:00
1995,Congelador,2,comp_func_temp_0_10,8,25.7,1,1,1,76,normal,2024-04-11 19:00:00
1996,Refrigerador,1,escarcha_poca_burbujeo_no,6,31.0,2,2,1,78,normal,2024-10-29 19:00:00
1997,Aire Acondicionado,3,exterior_no_control_no,6,34.4,12,4,0,87,normal,2024-08-26 18:00:00
1998,Enfriador Comercial,4,comp_no_ec,13,35.7,3,3,1,90,normal,2024-01-27 10:00:00
1999,Aire Acondicionado,3,filtros_limpios_presion_normal,4,33.2,3,3,1,88,normal,2024-08-09 08:00:00
2000,Cuarto Frio,5,cicla_hielo_si,5,30.5,11,11,1,87,normal,2024-09-02 08:00:00
